timestamp_s,gpu_util_pct,mem_used_mb,mem_total_mb,mem_util_pct,power_w,temp_c
0.0017235148698091507,0,3478.875,46068.0,0,79.457,33
0.10195295140147209,0,3546.875,46068.0,0,79.649,33
0.2049002181738615,9,3546.875,46068.0,1,79.71,33
0.30509854666888714,9,3546.875,46068.0,1,79.738,33
0.40533503890037537,0,3546.875,46068.0,0,79.752,33
0.6156110670417547,0,3546.875,46068.0,0,79.785,33
0.715820912271738,0,3546.875,46068.0,0,79.807,33
0.8159793894737959,0,3546.875,46068.0,0,79.738,33
0.931489871814847,0,3546.875,46068.0,0,79.788,33
1.0317001156508923,0,3546.875,46068.0,0,79.836,33
1.1575666926801205,0,3546.875,46068.0,0,79.836,33
1.259647423401475,0,3546.875,46068.0,0,79.836,33
1.3599211741238832,0,3546.875,46068.0,0,79.836,33
1.4601158257573843,0,3546.875,46068.0,0,79.836,33
1.5603170283138752,0,3628.875,46068.0,0,79.494,33
1.6605104990303516,0,3762.875,46068.0,0,79.596,33
1.760664138942957,2,4028.875,46068.0,0,79.618,33
1.860854223370552,2,4668.875,46068.0,0,104.3,34
1.9610444195568562,92,4796.875,46068.0,59,120.066,40
2.081552853807807,92,4796.875,46068.0,59,120.121,36
2.34077026322484,0,4796.875,46068.0,0,113.901,34
2.44714161939919,0,4796.875,46068.0,0,111.489,34
2.5937752928584814,0,4796.875,46068.0,0,109.401,34
2.7417624313384295,0,4796.875,46068.0,0,120.642,34
2.848556289449334,0,4796.875,46068.0,0,120.621,34
2.9704665895551443,0,4796.875,46068.0,0,95.939,34
3.0851998273283243,0,4796.875,46068.0,0,95.939,34
3.208542127162218,0,4796.875,46068.0,0,95.939,34
3.3479774594306946,0,4796.875,46068.0,0,95.939,34
3.4612434152513742,0,4796.875,46068.0,0,95.939,34
3.5724442545324564,0,4796.875,46068.0,0,95.939,34
3.689080497249961,0,4796.875,46068.0,0,95.939,34
3.7892987057566643,0,4796.875,46068.0,0,95.939,34
3.88953522965312,0,4796.875,46068.0,0,95.939,34
3.989748440682888,0,4796.875,46068.0,0,79.995,34
4.089968780055642,0,4796.875,46068.0,0,79.982,34
4.190188951790333,0,4796.875,46068.0,0,79.977,34
4.29041538015008,0,4796.875,46068.0,0,79.996,34
4.390640579164028,0,4796.875,46068.0,0,80.029,34
4.490859407931566,0,4796.875,46068.0,0,80.054,34
4.59107082337141,0,4796.875,46068.0,0,80.08,34
4.691291095688939,0,4796.875,46068.0,0,80.09,34
4.791509041562676,0,4796.875,46068.0,0,80.108,34
4.891729984432459,0,4796.875,46068.0,0,80.101,34
4.9918819312006235,0,4796.875,46068.0,0,80.101,34
5.092092968523502,0,4796.875,46068.0,0,80.101,34
5.192249353975058,0,4796.875,46068.0,0,80.101,34
5.2924695033580065,0,4796.875,46068.0,0,80.101,34
5.392671888694167,0,4796.875,46068.0,0,80.101,34
5.492890436202288,0,4796.875,46068.0,0,80.101,34
5.593040641397238,0,4796.875,46068.0,0,80.101,34
5.6932925675064325,0,4796.875,46068.0,0,80.101,34
5.793485440313816,0,4796.875,46068.0,0,80.101,34
5.8936596512794495,0,4796.875,46068.0,0,80.499,34
6.004961669445038,0,4796.875,46068.0,0,80.499,34
6.105381807312369,0,4796.875,46068.0,0,80.499,34
6.205614218488336,0,4796.875,46068.0,0,80.499,34
6.305775249376893,0,4796.875,46068.0,0,80.499,34
6.457823969423771,0,4796.875,46068.0,0,80.499,34
6.561120448634028,0,4796.875,46068.0,0,80.499,34
6.66338593699038,0,4796.875,46068.0,0,80.499,34
6.769184900447726,0,4796.875,46068.0,0,80.499,34
6.877453804016113,0,4796.875,46068.0,0,80.113,34
6.982626337558031,0,4796.875,46068.0,0,80.113,34
7.08979257196188,0,4796.875,46068.0,0,80.113,34
7.195458615198731,0,4796.875,46068.0,0,80.113,34
7.29718997515738,0,4796.875,46068.0,0,80.113,34
7.404171543195844,0,4796.875,46068.0,0,80.113,34
7.521477730944753,0,4796.875,46068.0,0,80.113,34
7.623297844082117,0,4796.875,46068.0,0,80.113,34
7.7242409233003855,0,4796.875,46068.0,0,80.113,34
7.827124608680606,0,4796.875,46068.0,0,79.579,34
7.928542038425803,0,4796.875,46068.0,0,79.579,34
8.02943961136043,0,4796.875,46068.0,0,79.579,34
8.133706592023373,0,4796.875,46068.0,0,79.579,34
8.234648872166872,0,4796.875,46068.0,0,79.579,34
8.336376156657934,0,4796.875,46068.0,0,79.579,34
8.647651307284832,0,4796.875,46068.0,0,79.579,34
8.750473475083709,0,4796.875,46068.0,0,79.579,34
8.862199530005455,0,4796.875,46068.0,0,80.63,34
8.962691888213158,0,4796.875,46068.0,0,81.728,34
9.093150787055492,0,4796.875,46068.0,0,81.632,34
9.221183491870761,0,4796.875,46068.0,0,81.545,34
9.337751172482967,0,4796.875,46068.0,0,81.381,34
9.44724820367992,0,4796.875,46068.0,0,81.305,34
9.591154320165515,0,4796.875,46068.0,0,81.241,34
9.69364202953875,0,4796.875,46068.0,0,81.227,34
9.797844715416431,0,4796.875,46068.0,0,81.172,34
9.902175338938832,0,4796.875,46068.0,0,81.133,34
10.007771447300911,0,4796.875,46068.0,0,80.487,34
10.365575766190886,0,4796.875,46068.0,0,80.372,34
10.49118708819151,0,4796.875,46068.0,0,80.372,34
10.611758997663856,0,4796.875,46068.0,0,80.372,34
10.727208377793431,0,4796.875,46068.0,0,80.372,34
10.90006342343986,0,4796.875,46068.0,0,80.372,34
11.123526414856315,0,4796.875,46068.0,0,80.372,34
11.291258765384555,0,4796.875,46068.0,0,79.994,34
11.484518699347973,0,4796.875,46068.0,0,80.039,34
11.678973423317075,0,4796.875,46068.0,0,80.098,34
11.873190799728036,0,4796.875,46068.0,0,80.158,34
12.068399740383029,0,4796.875,46068.0,0,80.179,34
12.218091884627938,0,4796.875,46068.0,0,80.179,34
12.398691721260548,0,4796.875,46068.0,0,80.179,34
12.519207328557968,0,4796.875,46068.0,0,80.179,34
12.805039316415787,0,4796.875,46068.0,0,80.179,34
12.925579840317369,0,4796.875,46068.0,0,80.179,34
13.046104347333312,0,4796.875,46068.0,0,79.551,34
13.16880851238966,0,4796.875,46068.0,0,79.551,34
13.28934944421053,0,4796.875,46068.0,0,79.551,34
13.414958193898201,0,4796.875,46068.0,0,79.551,34
13.535511925816536,0,4796.875,46068.0,0,79.551,34
13.656007912009954,0,4796.875,46068.0,0,79.551,34
13.781607346609235,0,4796.875,46068.0,0,79.551,34
13.897392326965928,0,4796.875,46068.0,0,79.551,34
14.017464447766542,0,4796.875,46068.0,0,79.551,34
14.135340265929699,0,4796.875,46068.0,0,79.681,34
14.240950195118785,0,4796.875,46068.0,0,79.681,34
14.346765531226993,0,4796.875,46068.0,0,79.681,34
14.484499718993902,0,4796.875,46068.0,0,79.681,34
14.606520703062415,0,4796.875,46068.0,0,79.681,34
14.729784086346626,0,4796.875,46068.0,0,79.681,34
14.84698704816401,0,4796.875,46068.0,0,79.681,34
14.964601503685117,0,4796.875,46068.0,0,79.681,34
15.083672160282731,0,4796.875,46068.0,0,79.806,34
15.204911224544048,0,4796.875,46068.0,0,79.806,34
15.323427269235253,0,4796.875,46068.0,0,79.806,34
15.449056247249246,0,4796.875,46068.0,0,79.806,34
15.5501350723207,0,4796.875,46068.0,0,79.806,34
15.66526247933507,0,4796.875,46068.0,0,80.367,34
15.78338198363781,0,4796.875,46068.0,0,80.404,34
15.88359690643847,0,4796.875,46068.0,0,80.409,34
15.983747731894255,0,4276.875,46068.0,0,80.43,35
16.083894031122327,0,4372.875,46068.0,0,81.01,35
16.18403790704906,97,4372.875,46068.0,100,92.728,36
16.284176575019956,97,4468.875,46068.0,100,100.55,36
16.38444210588932,97,4468.875,46068.0,100,107.98,37
16.484686041250825,97,4472.875,46068.0,100,115.502,37
16.584896508604288,80,4472.875,46068.0,84,124.257,38
16.685049295425415,80,4472.875,46068.0,84,157.582,39
16.785285031422973,93,4472.875,46068.0,98,170.102,39
16.885500574484468,93,4472.875,46068.0,98,185.79,39
16.985725542530417,93,4472.875,46068.0,98,201.427,39
17.08594476059079,93,4472.875,46068.0,98,216.77,40
17.186097329482436,93,4472.875,46068.0,98,230.832,40
17.28631817921996,93,4472.875,46068.0,98,235.148,40
17.386533595621586,93,4472.875,46068.0,98,241.277,40
17.4868434201926,93,4472.875,46068.0,98,246.211,40
17.586999563500285,93,4472.875,46068.0,98,249.565,40
17.68721181154251,93,4472.875,46068.0,98,249.44,40
17.787440175190568,93,4472.875,46068.0,98,249.948,40
17.887589989230037,93,4472.875,46068.0,98,250.638,40
17.98775134421885,94,4472.875,46068.0,99,250.667,40
18.08788696490228,94,4472.875,46068.0,99,250.27,41
18.188100328668952,93,4472.875,46068.0,98,250.386,41
18.288330482318997,93,4472.875,46068.0,98,250.861,41
18.388544591143727,93,4472.875,46068.0,99,251.699,41
18.488769579678774,93,4472.875,46068.0,99,251.529,41
18.58898646570742,93,4472.875,46068.0,98,251.154,41
18.689139155671,93,4472.875,46068.0,98,251.757,41
18.78937252610922,93,4472.875,46068.0,98,252.721,41
18.88952587544918,93,4472.875,46068.0,98,252.456,41
18.98971121571958,93,4472.875,46068.0,98,252.074,41
19.08992380462587,93,4472.875,46068.0,98,251.758,41
19.190175050869584,93,4472.875,46068.0,98,252.736,41
19.290307719260454,93,4472.875,46068.0,98,253.274,41
19.390522081404924,93,4472.875,46068.0,98,252.866,41
19.490749284625053,93,4472.875,46068.0,98,252.735,42
19.59090380370617,93,4472.875,46068.0,98,253.281,42
19.691117824986577,93,4472.875,46068.0,98,254.207,42
19.791274731978774,93,4472.875,46068.0,99,254.008,42
19.89141059666872,93,4472.875,46068.0,99,253.729,42
19.991833940148354,93,4472.875,46068.0,98,254.444,42
20.092052867636085,93,4472.875,46068.0,98,255.452,42
20.19220890291035,93,4472.875,46068.0,99,256.076,42
20.29235501214862,93,4472.875,46068.0,99,255.568,42
20.39248465746641,93,4472.875,46068.0,98,255.611,42
20.492625039070845,93,4472.875,46068.0,98,256.54,42
20.59274498000741,93,5032.875,46068.0,98,257.253,42
20.69288418069482,93,5032.875,46068.0,98,268.76,42
20.793389335274696,98,5032.875,46068.0,67,268.321,46
20.89394197240472,98,5032.875,46068.0,67,267.548,43
20.994110135361552,93,5032.875,46068.0,98,267.122,43
21.09433059580624,93,5032.875,46068.0,98,265.887,43
21.194548431783915,93,5032.875,46068.0,98,265.312,43
21.294762736186385,93,5032.875,46068.0,98,264.895,43
21.39498394727707,94,5032.875,46068.0,99,264.556,43
21.49520343542099,94,5032.875,46068.0,99,264.073,43
21.59543032757938,93,5032.875,46068.0,98,262.815,43
21.695647321641445,93,5032.875,46068.0,98,262.352,43
21.79586154408753,93,5032.875,46068.0,98,251.447,43
21.89632267318666,93,5032.875,46068.0,98,250.24,43
21.996538827195764,93,5032.875,46068.0,98,250.365,43
22.096754152327776,93,5032.875,46068.0,98,251.065,43
22.196971697732806,93,5032.875,46068.0,98,251.903,43
22.297184128314257,93,5032.875,46068.0,98,251.799,43
22.397334372624755,93,5032.875,46068.0,98,251.592,43
22.497545279562473,93,5032.875,46068.0,98,251.594,43
22.597758127376437,93,5032.875,46068.0,98,252.404,43
22.69791016727686,93,5032.875,46068.0,98,253.117,43
22.79804459027946,93,5032.875,46068.0,99,252.897,43
22.89817644841969,93,5032.875,46068.0,99,252.536,43
22.998396007344127,93,5032.875,46068.0,98,252.612,43
23.0985269844532,93,5032.875,46068.0,98,253.612,43
23.198731562122703,93,5032.875,46068.0,98,253.493,43
23.298938240855932,93,5032.875,46068.0,98,253.169,43
23.399166943505406,93,5032.875,46068.0,98,252.868,43
23.49948165565729,93,5032.875,46068.0,98,253.738,44
23.59971064887941,93,5032.875,46068.0,98,254.517,44
23.69992246851325,93,5032.875,46068.0,98,254.34,44
23.800069238990545,93,5032.875,46068.0,98,254.17,44
23.900206316262484,93,5032.875,46068.0,98,254.441,44
24.000344151630998,93,5032.875,46068.0,98,255.42,44
24.100471252575517,93,5032.875,46068.0,98,256.059,44
24.200598584488034,93,5032.875,46068.0,99,255.913,44
24.300773797556758,93,5032.875,46068.0,99,256.061,44
24.40090817026794,92,5032.875,46068.0,97,256.339,44
24.501246528699994,92,5032.875,46068.0,97,257.295,44
24.601375291123986,94,5032.875,46068.0,99,257.06,44
24.701502991840243,94,4962.875,46068.0,99,256.72,44
24.801630176603794,90,4962.875,46068.0,61,266.623,43
24.901834942400455,90,4962.875,46068.0,61,263.747,48
25.00198576040566,93,4962.875,46068.0,98,262.805,44
25.102119639515877,93,4962.875,46068.0,98,262.077,44
25.202257147058845,93,4962.875,46068.0,98,261.54,44
25.302525328472257,93,4962.875,46068.0,98,260.965,44
25.402739960700274,93,4962.875,46068.0,98,260.283,44
25.502953631803393,93,4962.875,46068.0,98,260.328,44
25.603167042136192,93,4962.875,46068.0,98,259.77,44
25.703326240181923,93,4962.875,46068.0,98,259.234,44
25.803564328700304,93,4962.875,46068.0,99,258.801,44
25.903779592365026,93,4962.875,46068.0,99,248.266,44
26.003993643447757,93,4962.875,46068.0,98,251.262,44
26.104141797870398,93,4962.875,46068.0,98,252.02,44
26.20430106855929,94,4962.875,46068.0,99,252.049,44
26.304525636136532,94,4962.875,46068.0,99,252.086,45
26.404737083241343,93,4962.875,46068.0,98,252.019,45
26.504949875175953,93,4962.875,46068.0,98,252.563,45
26.605164667591453,93,4962.875,46068.0,98,252.475,45
26.705370800569654,93,4962.875,46068.0,98,252.394,45
26.805582819506526,93,4962.875,46068.0,98,252.218,45
26.905843280255795,93,4962.875,46068.0,98,253.064,45
27.00606244057417,93,4962.875,46068.0,98,253.909,45
27.106212347745895,93,4962.875,46068.0,98,253.909,45
27.206354312598705,93,4962.875,46068.0,99,253.8,45
27.30656235665083,93,4962.875,46068.0,99,253.52,45
27.406750559806824,93,4962.875,46068.0,98,254.161,45
27.50688498094678,93,4962.875,46068.0,98,254.802,45
27.607017692178488,94,4962.875,46068.0,99,254.906,45
27.70726145990193,94,4962.875,46068.0,99,254.73,45
27.807472817599773,93,4962.875,46068.0,98,254.59,45
27.907686280086637,93,4962.875,46068.0,98,255.428,45
28.007835555821657,93,4962.875,46068.0,98,255.331,45
28.108045510947704,93,4962.875,46068.0,98,255.287,45
28.208196699619293,93,4962.875,46068.0,98,255.236,45
28.30840545333922,93,4962.875,46068.0,98,255.567,45
28.40861882455647,93,4962.875,46068.0,98,256.397,45
28.50884536653757,93,4962.875,46068.0,98,256.234,45
28.60906194150448,94,4962.875,46068.0,99,256.146,45
28.709296196699142,94,5016.875,46068.0,99,256.079,46
28.809512980282307,87,5016.875,46068.0,59,266.025,44
28.909741124138236,87,5016.875,46068.0,59,264.199,49
29.009953362867236,93,5016.875,46068.0,98,263.582,46
29.110373033210635,93,5016.875,46068.0,98,262.868,46
29.21057596988976,93,5016.875,46068.0,98,262.074,46
29.310788990929723,93,5016.875,46068.0,98,261.795,46
29.410937575623393,93,5016.875,46068.0,98,261.898,46
29.511143496260047,93,5016.875,46068.0,98,261.37,46
29.611327031627297,93,5016.875,46068.0,99,260.796,46
29.71153737977147,93,5016.875,46068.0,99,260.237,46
29.811752911657095,93,5016.875,46068.0,98,260.399,46
29.9119671061635,93,5016.875,46068.0,98,250.783,46
30.012179266661406,94,5016.875,46068.0,99,252.956,46
30.112327670678496,94,5016.875,46068.0,99,253.264,46
30.212544525042176,93,5016.875,46068.0,98,253.315,46
30.312762996181846,93,5016.875,46068.0,98,254.241,46
30.41297804005444,93,5016.875,46068.0,98,254.786,46
30.51313003897667,93,5016.875,46068.0,98,254.682,46
30.61336830817163,93,5016.875,46068.0,98,254.836,46
30.713585333898664,93,5016.875,46068.0,98,254.836,46
30.813733046874404,93,5016.875,46068.0,98,255.682,46
30.913869874551892,93,5016.875,46068.0,98,255.785,46
31.014013981446624,94,5016.875,46068.0,99,255.704,46
31.114146783947945,94,5016.875,46068.0,99,255.433,46
31.21428126655519,93,5016.875,46068.0,98,255.814,46
31.31440844014287,93,5016.875,46068.0,98,256.564,46
31.41453466936946,94,5016.875,46068.0,99,256.477,46
31.51465986855328,94,5016.875,46068.0,99,256.352,47
31.6148688942194,93,5016.875,46068.0,98,256.044,47
31.715036375448108,93,5016.875,46068.0,98,256.558,47
31.81526694446802,93,5016.875,46068.0,98,257.27,47
31.915476540103555,93,5016.875,46068.0,98,257.226,47
32.01569023169577,93,5016.875,46068.0,98,257.137,47
32.115903321653605,93,5016.875,46068.0,98,256.975,47
32.216051425784826,93,5016.875,46068.0,98,257.82,47
32.31621125712991,93,5016.875,46068.0,98,257.901,47
32.416429605335,93,5016.875,46068.0,99,257.652,47
32.5166452806443,93,5016.875,46068.0,99,257.349,47
32.61685631982982,93,5016.875,46068.0,98,257.996,47
32.71700441092253,93,5016.875,46068.0,98,258.841,47
32.81712851114571,94,5010.875,46068.0,99,258.84,47
32.91736845113337,94,5010.875,46068.0,99,257.067,50
33.01758852414787,92,5010.875,46068.0,56,267.253,51
33.11773999221623,92,5010.875,46068.0,56,264.804,47
33.21795028820634,93,5010.875,46068.0,98,264.525,47
33.318101927638054,93,5010.875,46068.0,98,264.099,47
33.41824373230338,93,5010.875,46068.0,98,263.879,47
33.51837378740311,93,5010.875,46068.0,98,263.843,47
33.618511848151684,93,5010.875,46068.0,98,263.769,47
33.71864455752075,93,5010.875,46068.0,98,262.814,47
33.818869296461344,93,5010.875,46068.0,98,262.527,47
33.919084349647164,93,5010.875,46068.0,98,262.322,47
34.01930375210941,94,5010.875,46068.0,99,263.912,47
34.11951706185937,94,5010.875,46068.0,99,253.543,47
34.21973283588886,93,5010.875,46068.0,98,255.699,48
34.31989864818752,93,5010.875,46068.0,98,256.463,48
34.420042403042316,93,5010.875,46068.0,98,256.552,47
34.52017408423126,93,5010.875,46068.0,98,256.523,47
34.62031153216958,93,5010.875,46068.0,98,256.559,48
34.72061022929847,93,5010.875,46068.0,98,256.986,48
34.82082104869187,93,5010.875,46068.0,98,257.676,48
34.92103695124388,93,5010.875,46068.0,98,257.765,48
35.02119042351842,93,5010.875,46068.0,98,257.802,48
35.1213264297694,93,5010.875,46068.0,98,257.625,48
35.22157170064747,93,5010.875,46068.0,98,258.095,48
35.321786504238844,93,5010.875,46068.0,98,258.733,48
35.421955678611994,93,5010.875,46068.0,99,258.887,48
35.52216586470604,93,5010.875,46068.0,99,258.799,48
35.62231579981744,93,5010.875,46068.0,98,259.386,48
35.72252729907632,93,5010.875,46068.0,98,260.062,48
35.82272471487522,93,5010.875,46068.0,99,260.583,48
35.92287462390959,93,5010.875,46068.0,99,260.642,48
36.02308445982635,93,5010.875,46068.0,98,260.488,48
36.123313615098596,93,5010.875,46068.0,98,261.097,48
36.22351753152907,93,5010.875,46068.0,98,261.942,48
36.32373498007655,93,5010.875,46068.0,98,262.118,48
36.42388476617634,93,5010.875,46068.0,98,262.17,48
36.52409357018769,93,5010.875,46068.0,98,261.971,48
36.624317208305,93,5010.875,46068.0,98,262.766,48
36.72452147491276,93,5010.875,46068.0,98,262.876,48
36.82955587469041,93,5010.875,46068.0,99,262.979,48
36.93142252787948,93,5010.875,46068.0,99,263.45,49
37.031644051894546,93,5010.875,46068.0,98,264.288,49
37.131778264418244,93,5010.875,46068.0,99,264.391,49
37.231922851875424,93,4766.875,46068.0,99,255.854,52
37.33214730024338,95,4766.875,46068.0,61,254.462,49
37.43232448771596,95,4766.875,46068.0,61,252.992,49
37.53247178904712,93,4766.875,46068.0,98,252.28,49
37.6326600741595,93,4766.875,46068.0,98,250.854,48
37.732853734865785,92,4766.875,46068.0,97,249.472,49
37.83306088857353,92,4766.875,46068.0,97,248.459,49
37.93328610807657,93,4766.875,46068.0,98,247.77,49
38.03349955752492,93,4766.875,46068.0,98,246.343,49
38.13371747545898,93,4766.875,46068.0,99,244.662,49
38.23393188789487,93,4766.875,46068.0,99,242.875,49
38.33408168517053,93,4766.875,46068.0,98,250.569,49
38.43432142585516,93,4766.875,46068.0,98,251.102,49
38.53453183174133,94,4766.875,46068.0,99,251.888,49
38.634681809693575,94,4766.875,46068.0,99,252.027,49
38.73481745645404,93,4766.875,46068.0,98,252.02,49
38.83498514816165,93,4766.875,46068.0,98,252.758,49
38.935114493593574,93,4766.875,46068.0,98,252.971,49
39.035320373252034,93,4766.875,46068.0,98,252.955,49
39.1355338357389,93,4766.875,46068.0,98,252.889,49
39.235685244202614,93,4766.875,46068.0,98,253.109,49
39.33590527623892,93,4766.875,46068.0,98,254.013,49
39.43605638295412,93,4766.875,46068.0,98,254.092,49
39.53619286976755,94,4766.875,46068.0,99,254.026,49
39.636333310976624,94,4766.875,46068.0,99,253.811,49
39.73648061603308,93,4766.875,46068.0,98,253.931,49
39.836687225848436,93,4766.875,46068.0,98,254.702,49
39.93690084852278,93,4766.875,46068.0,98,254.502,49
40.03713035210967,93,4766.875,46068.0,98,254.171,49
40.13735440000892,93,4766.875,46068.0,98,253.957,49
40.237584467977285,93,4766.875,46068.0,98,254.628,49
40.33773353137076,93,4766.875,46068.0,98,255.312,49
40.43822748400271,93,4766.875,46068.0,98,255.334,49
40.538444839417934,93,4766.875,46068.0,98,255.07,49
40.6386610455811,93,4766.875,46068.0,98,254.888,49
40.7388742081821,93,4766.875,46068.0,98,255.653,49
40.839092465117574,93,4766.875,46068.0,98,256.137,49
40.939314760267735,94,4766.875,46068.0,99,255.998,50
41.03949757665396,94,5026.875,46068.0,99,254.173,52
41.13973563350737,89,5026.875,46068.0,56,263.43,53
41.239929435774684,89,5026.875,46068.0,56,261.48,50
41.34013061970472,93,5026.875,46068.0,98,261.392,50
41.44031166099012,93,5026.875,46068.0,98,261.357,50
41.540448527783155,93,5026.875,46068.0,99,261.416,50
41.64068176969886,93,5026.875,46068.0,99,261.526,50
41.740898767486215,93,5026.875,46068.0,98,262.401,50
41.841104716062546,93,5026.875,46068.0,98,262.438,50
41.94125862047076,94,5026.875,46068.0,99,262.535,50
42.04149216040969,94,5026.875,46068.0,99,262.424,50
42.14320515654981,93,5026.875,46068.0,98,264.125,50
42.243527580052614,93,5026.875,46068.0,98,255.744,50
42.34374355338514,93,5026.875,46068.0,98,258.519,50
42.44390313513577,93,5026.875,46068.0,98,258.378,50
42.54411176033318,93,5026.875,46068.0,98,258.186,50
42.64429607614875,93,5026.875,46068.0,98,258.671,50
42.744501708075404,93,5026.875,46068.0,98,259.372,50
42.84473392739892,93,5026.875,46068.0,98,259.394,50
42.94488554634154,93,5026.875,46068.0,99,259.393,50
43.04504172131419,93,5026.875,46068.0,99,259.144,50
43.14517852850258,93,5026.875,46068.0,98,260.02,50
43.245306892320514,93,5026.875,46068.0,98,260.836,50
43.34546330757439,93,5026.875,46068.0,99,260.754,50
43.44567402638495,93,5026.875,46068.0,99,260.716,50
43.54582269117236,93,5026.875,46068.0,98,260.761,50
43.64603206515312,93,5026.875,46068.0,98,261.703,50
43.7461814917624,93,5026.875,46068.0,98,261.807,50
43.84650703892112,93,5026.875,46068.0,98,261.716,50
43.9466408919543,93,5026.875,46068.0,98,261.37,51
44.04684845544398,93,5026.875,46068.0,98,262.004,51
44.14764714241028,93,5026.875,46068.0,98,262.782,51
44.247858511283994,93,5026.875,46068.0,98,262.666,50
44.34800866805017,93,5026.875,46068.0,99,262.423,51
44.44835683889687,93,5026.875,46068.0,99,262.194,51
44.548574367538095,93,5026.875,46068.0,98,263.041,51
44.64906924031675,93,5026.875,46068.0,98,263.849,51
44.749291114509106,94,5026.875,46068.0,99,263.519,51
44.84950610809028,94,5026.875,46068.0,99,263.173,51
44.94965819828212,93,5026.875,46068.0,98,262.999,51
45.04986928589642,93,5026.875,46068.0,98,264.116,51
45.150083707645535,93,5026.875,46068.0,98,263.952,51
45.25024691596627,93,5026.875,46068.0,98,263.747,51
45.350426103919744,93,4472.875,46068.0,98,263.548,51
45.45059867575765,93,4978.875,46068.0,98,273.635,55
45.550737015902996,98,4978.875,46068.0,66,272.201,51
45.650948503986,98,4978.875,46068.0,66,270.329,51
45.75111967138946,93,4978.875,46068.0,98,269.01,51
45.85126123577356,93,4978.875,46068.0,98,268.847,51
45.951394548639655,93,4978.875,46068.0,98,268.745,51
46.05152051709592,93,4978.875,46068.0,98,268.437,51
46.1516491509974,93,4978.875,46068.0,98,267.099,51
46.251857126131654,93,4978.875,46068.0,98,266.05,51
46.35206966660917,93,4978.875,46068.0,98,265.823,51
46.45228420756757,93,4978.875,46068.0,98,265.609,51
46.552493553608656,93,4978.875,46068.0,98,255.059,51
46.652705144137144,93,4978.875,46068.0,98,256.098,51
46.75291949510574,93,4978.875,46068.0,98,257.401,51
46.85313246771693,93,4978.875,46068.0,98,258.21,51
46.95351770333946,94,4978.875,46068.0,99,257.937,51
47.05373284034431,94,4978.875,46068.0,99,257.504,51
47.15394667908549,93,4978.875,46068.0,98,257.444,51
47.254159891977906,93,4978.875,46068.0,98,258.143,51
47.35438320785761,93,4978.875,46068.0,98,258.811,51
47.45459107123315,93,4978.875,46068.0,98,258.575,51
47.55474369227886,93,4978.875,46068.0,98,258.194,52
47.65551849268377,93,4978.875,46068.0,98,258.905,52
47.755731804296374,93,4978.875,46068.0,98,259.715,51
47.85594764724374,93,4978.875,46068.0,98,259.561,51
47.9561622813344,93,4978.875,46068.0,98,259.361,51
48.05639513209462,93,4978.875,46068.0,98,259.303,52
48.15661329962313,93,4978.875,46068.0,98,260.236,52
48.256827402859926,93,4978.875,46068.0,98,260.986,52
48.35704519972205,93,4978.875,46068.0,99,260.964,52
48.45730603300035,93,4978.875,46068.0,99,260.956,52
48.55753314495087,93,4978.875,46068.0,98,260.949,52
48.65781337581575,93,4978.875,46068.0,98,262.014,52
48.75802803039551,93,4978.875,46068.0,98,262.125,52
48.85825242847204,93,4978.875,46068.0,98,262.073,52
48.95846697129309,93,4978.875,46068.0,98,261.874,52
49.05868160352111,93,4978.875,46068.0,98,262.825,52
49.158904580399394,93,4978.875,46068.0,98,263.736,52
49.25905938446522,93,4978.875,46068.0,98,263.729,52
49.359283059835434,93,4978.875,46068.0,99,263.531,52
49.45949793420732,93,4978.875,46068.0,99,263.357,52
49.55970902182162,93,4978.875,46068.0,98,263.828,52
49.65997592359781,93,4978.875,46068.0,98,264.459,52
49.76012571901083,93,4978.875,46068.0,99,264.238,52
49.86038066446781,93,5016.875,46068.0,99,252.481,55
49.96059926226735,100,5016.875,46068.0,62,260.197,53
50.06075330451131,100,5016.875,46068.0,62,257.647,52
50.160943791270256,93,5016.875,46068.0,98,257.968,52
50.261151203885674,93,5016.875,46068.0,98,257.299,52
50.361367892473936,94,5016.875,46068.0,99,256.691,52
50.46158488839865,94,5016.875,46068.0,99,256.148,52
50.561800472438335,93,5016.875,46068.0,98,256.176,52
50.662230947986245,93,5016.875,46068.0,98,255.756,52
50.76244189590216,93,5016.875,46068.0,99,255.139,52
50.86265562847257,93,5016.875,46068.0,99,254.345,52
50.96287347562611,93,5016.875,46068.0,98,265.192,52
51.06302263215184,93,5016.875,46068.0,98,257.594,52
51.163159016519785,93,5016.875,46068.0,98,259.443,52
51.26332768239081,93,5016.875,46068.0,98,259.475,52
51.363536125048995,93,5016.875,46068.0,98,259.459,52
51.46391963213682,93,5016.875,46068.0,98,259.407,53
51.56406284868717,93,5016.875,46068.0,98,260.229,53
51.6642808560282,93,5016.875,46068.0,98,260.486,53
51.76449251547456,94,5016.875,46068.0,99,260.404,53
51.86470617540181,94,5016.875,46068.0,99,260.404,53
51.964917216449976,93,5016.875,46068.0,98,261.339,53
52.0650741122663,93,5016.875,46068.0,98,262.325,53
52.1652122605592,93,5016.875,46068.0,98,262.288,53
52.26536040380597,93,5016.875,46068.0,98,262.155,53
52.36557190306485,93,5016.875,46068.0,98,261.987,53
52.46572152711451,93,5016.875,46068.0,98,262.481,53
52.56594901904464,93,5016.875,46068.0,98,263.245,53
52.66615871526301,93,5016.875,46068.0,98,263.232,53
52.76630875468254,93,5016.875,46068.0,98,263.077,53
52.86652239598334,93,5016.875,46068.0,98,262.938,53
52.96673576720059,93,5016.875,46068.0,98,263.807,53
53.06690039485693,93,5016.875,46068.0,98,263.835,53
53.16712120734155,94,5016.875,46068.0,99,263.445,53
53.267278684303164,94,5016.875,46068.0,99,263.121,53
53.36741362698376,93,5016.875,46068.0,98,263.13,53
53.46762341633439,93,5016.875,46068.0,98,263.984,53
53.56783878058195,93,5016.875,46068.0,98,264.183,53
53.66805684752762,93,5016.875,46068.0,98,264.19,53
53.76829669997096,93,5016.875,46068.0,98,264.049,53
53.868529099971056,93,5016.875,46068.0,98,264.703,53
53.96875987574458,93,5016.875,46068.0,98,265.506,53
54.068921560421586,93,5016.875,46068.0,98,265.477,53
54.169054260477424,93,4978.875,46068.0,98,265.109,52
54.26927677541971,93,4978.875,46068.0,98,276.46,57
54.36949298158288,96,4978.875,46068.0,73,272.176,53
54.46970872581005,96,4978.875,46068.0,73,271.721,53
54.56992246769369,94,4978.875,46068.0,99,270.742,53
54.670090071856976,94,4978.875,46068.0,99,269.69,53
54.77030975185335,93,4978.875,46068.0,98,269.389,53
54.870526537299156,93,4978.875,46068.0,98,269.265,53
54.97074553743005,93,4978.875,46068.0,99,268.531,53
55.07090253569186,93,4978.875,46068.0,99,267.605,53
55.171119682490826,93,4978.875,46068.0,98,266.582,53
55.27128029614687,93,4978.875,46068.0,98,266.678,53
55.371492963284254,93,4978.875,46068.0,98,256.882,53
55.47170662693679,93,4978.875,46068.0,98,259.643,54
55.5718583650887,93,4978.875,46068.0,98,259.782,54
55.67206807248294,93,4978.875,46068.0,98,259.629,54
55.77228855341673,93,4978.875,46068.0,98,260.438,54
55.87247947230935,93,4978.875,46068.0,98,260.468,54
55.972626304253936,94,4978.875,46068.0,99,260.409,54
56.072768518701196,94,4978.875,46068.0,99,260.136,54
56.17290980182588,93,4978.875,46068.0,98,260.129,54
56.27325298823416,93,4978.875,46068.0,98,260.888,54
56.37339508160949,93,4978.875,46068.0,98,260.888,54
56.473568484187126,93,4978.875,46068.0,98,260.946,54
56.57371881976724,93,4978.875,46068.0,98,261.084,54
56.67387359589338,93,4978.875,46068.0,98,261.601,54
56.774023212492466,93,4978.875,46068.0,98,262.407,54
56.8741617500782,93,4978.875,46068.0,98,262.216,54
56.97429382055998,93,4978.875,46068.0,98,261.951,54
57.07443659566343,93,4978.875,46068.0,98,261.768,54
57.17457449436188,93,4978.875,46068.0,98,262.631,54
57.27471072971821,93,4978.875,46068.0,98,263.35,54
57.37485091201961,94,4978.875,46068.0,99,263.284,54
57.474990444257855,94,4978.875,46068.0,99,263.086,54
57.575128672644496,93,4978.875,46068.0,98,262.852,54
57.67526950314641,93,4978.875,46068.0,98,263.48,54
57.77540708333254,93,4978.875,46068.0,98,263.86,54
57.87558559142053,93,4978.875,46068.0,98,263.817,54
57.975789019837976,93,4978.875,46068.0,98,263.634,54
58.07595055177808,93,4978.875,46068.0,98,264.515,54
58.17615194618702,93,4978.875,46068.0,98,265.177,54
58.27636018022895,93,4978.875,46068.0,98,264.748,54
58.37650542706251,93,5010.875,46068.0,98,264.329,54
58.476722775027156,93,5010.875,46068.0,98,267.486,58
58.576885452494025,100,5010.875,46068.0,62,276.67,55
58.67703128233552,100,5010.875,46068.0,62,274.84,55
58.77717275545001,93,5010.875,46068.0,98,274.383,54
58.87729834578931,93,5010.875,46068.0,98,273.737,54
58.977515092119575,93,5010.875,46068.0,98,273.054,55
59.077670495957136,93,5010.875,46068.0,98,272.709,54
59.17786442860961,93,5010.875,46068.0,98,272.137,54
59.27803746052086,93,5010.875,46068.0,98,271.894,54
59.378192353993654,94,5010.875,46068.0,99,271.792,54
59.478310864418745,94,5010.875,46068.0,99,271.484,55
59.57855226844549,93,5010.875,46068.0,98,267.841,55
59.67869460210204,93,5010.875,46068.0,98,260.399,55
59.77883643656969,93,5010.875,46068.0,98,261.097,55
59.87897399626672,93,5010.875,46068.0,98,261.075,55
59.979111190885305,93,5010.875,46068.0,98,260.993,55
60.079345455393195,93,5010.875,46068.0,98,262.001,55
60.17948501557112,93,5010.875,46068.0,98,262.919,55
60.27962386608124,93,5010.875,46068.0,98,262.935,55
60.379762303084135,93,5010.875,46068.0,98,262.737,55
60.47990053333342,93,5010.875,46068.0,98,262.634,55
60.580037439242005,93,5010.875,46068.0,98,263.427,55
60.6801740154624,93,5010.875,46068.0,98,264.112,55
60.78038889169693,94,5010.875,46068.0,99,264.024,55
60.88055034354329,94,5010.875,46068.0,99,263.745,55
60.98068562708795,91,5010.875,46068.0,97,264.296,55
61.08084494061768,91,5010.875,46068.0,97,264.994,55
61.18104644306004,93,5010.875,46068.0,99,264.774,55
61.28125640936196,93,5010.875,46068.0,99,264.414,55
61.38141440786421,93,5010.875,46068.0,98,264.436,55
61.4815732780844,93,5010.875,46068.0,98,265.213,55
61.58183215558529,93,5010.875,46068.0,99,265.616,55
61.68203815817833,93,5010.875,46068.0,99,265.278,55
61.78219351172447,93,5010.875,46068.0,98,264.733,55
61.88230176642537,93,5010.875,46068.0,98,265.248,55
61.982456760481,93,5010.875,46068.0,98,266.003,55
62.08272637613118,93,5010.875,46068.0,98,265.914,55
62.18287901580334,93,5010.875,46068.0,98,265.739,55
62.28303016349673,93,5010.875,46068.0,98,265.467,55
62.38316948339343,93,5010.875,46068.0,98,266.099,55
62.48329599574208,93,5010.875,46068.0,98,266.738,55
62.58345239236951,94,5010.875,46068.0,99,266.606,55
62.68365025892854,94,5010.875,46068.0,99,266.519,55
62.78380852006376,93,5010.875,46068.0,98,267.495,55
62.88394021987915,93,5026.875,46068.0,98,268.591,55
62.98408315517008,86,5026.875,46068.0,65,277.752,59
63.084229715168476,86,5026.875,46068.0,65,281.209,56
63.184368627145886,93,5026.875,46068.0,97,280.658,56
63.28451155126095,93,5026.875,46068.0,97,280.379,56
63.384707648307085,94,5026.875,46068.0,99,280.07,55
63.4849132373929,94,5026.875,46068.0,99,278.983,56
63.5850595086813,93,5026.875,46068.0,98,278.632,56
63.68524691089988,93,5026.875,46068.0,98,278.362,56
63.785402715206146,93,5026.875,46068.0,98,278.194,56
63.88560300692916,93,5026.875,46068.0,98,277.122,55
63.9857754483819,93,5026.875,46068.0,98,275.953,56
64.08592102862895,93,5026.875,46068.0,98,266.653,56
64.18606090918183,93,5026.875,46068.0,98,262.859,56
64.28619790822268,93,5026.875,46068.0,98,263.02,56
64.38629874959588,93,5026.875,46068.0,98,263.029,56
64.48643575794995,93,5026.875,46068.0,98,263.595,56
64.58657124266028,93,5026.875,46068.0,98,264.367,56
64.68690009601414,93,5026.875,46068.0,98,264.275,56
64.78703903593123,94,5026.875,46068.0,99,264.039,56
64.88717779517174,94,5026.875,46068.0,99,263.826,56
64.98729261942208,93,5026.875,46068.0,98,263.766,56
65.08744006417692,93,5026.875,46068.0,98,264.494,56
65.18758129514754,93,5026.875,46068.0,99,264.428,56
65.28771921619773,93,5026.875,46068.0,99,264.487,56
65.38785817660391,93,5026.875,46068.0,98,264.467,56
65.48805537261069,93,5026.875,46068.0,98,265.282,56
65.58822907321155,93,5026.875,46068.0,98,265.516,56
65.68837543576956,93,5026.875,46068.0,98,265.428,56
65.7885060440749,93,5026.875,46068.0,98,265.295,56
65.88864512369037,93,5026.875,46068.0,98,265.349,56
65.98878138698637,93,5026.875,46068.0,98,266.237,56
66.08891942724586,93,5026.875,46068.0,98,266.987,56
66.18906006030738,94,5026.875,46068.0,99,267.075,56
66.28919903188944,94,5026.875,46068.0,99,266.898,56
66.3892917111516,93,5026.875,46068.0,98,266.93,56
66.48942765593529,93,5026.875,46068.0,98,267.781,56
66.58957187645137,93,5026.875,46068.0,98,267.634,56
66.68971106596291,93,5026.875,46068.0,98,267.501,56
66.79211157560349,93,5010.875,46068.0,98,267.457,56
66.89827872999012,93,5010.875,46068.0,98,276.531,60
66.99885711632669,99,5010.875,46068.0,63,279.691,57
67.09903164021671,99,5010.875,46068.0,63,278.736,56
67.19918891787529,93,5010.875,46068.0,98,278.191,56
67.2992987241596,93,5010.875,46068.0,98,277.597,56
67.39946498349309,93,5010.875,46068.0,98,277.149,56
67.49961238726974,93,5010.875,46068.0,98,276.412,56
67.59976135194302,93,5010.875,46068.0,98,275.794,56
67.69990888610482,93,5010.875,46068.0,98,275.375,56
67.80004734359682,93,5010.875,46068.0,99,274.941,56
67.90020912885666,93,5010.875,46068.0,99,274.397,56
68.00041471980512,93,5010.875,46068.0,98,265.619,56
68.10057168640196,93,5010.875,46068.0,98,262.73,56
68.20072327554226,93,5010.875,46068.0,98,263.238,56
68.30086662247777,93,5010.875,46068.0,98,263.358,57
68.4010271243751,93,5010.875,46068.0,98,263.373,57
68.50116981007159,93,5010.875,46068.0,98,263.997,57
68.60129600018263,93,5010.875,46068.0,98,264.776,56
68.70143389888108,93,5010.875,46068.0,98,264.65,57
68.8016319386661,93,5010.875,46068.0,98,264.54,57
68.90178889594972,93,5010.875,46068.0,98,264.527,57
69.00193484313786,93,5010.875,46068.0,98,265.314,57
69.10207276418805,93,5010.875,46068.0,98,265.261,57
69.20220847986639,94,5010.875,46068.0,99,265.217,57
69.30235646106303,94,5010.875,46068.0,99,265.062,57
69.40254335291684,93,5010.875,46068.0,98,265.055,57
69.5026908479631,93,5010.875,46068.0,98,265.811,57
69.60288917645812,93,5010.875,46068.0,98,265.811,57
69.70304896868765,93,5010.875,46068.0,98,265.627,57
69.80319309607148,93,5010.875,46068.0,98,265.4,57
69.90331283584237,93,5010.875,46068.0,98,265.974,57
70.00345134548843,93,5010.875,46068.0,98,266.604,57
70.1035940721631,93,5010.875,46068.0,98,266.708,57
70.20373703725636,93,5010.875,46068.0,98,266.509,57
70.30390021391213,93,5010.875,46068.0,98,267.047,57
70.4044752754271,93,5010.875,46068.0,98,267.819,57
70.50481290370226,93,5010.875,46068.0,98,268.31,57
70.60498019494116,93,5010.875,46068.0,98,268.177,57
70.70513152331114,93,5010.875,46068.0,98,267.957,57
70.8052556719631,93,4472.875,46068.0,98,268.521,57
70.90540160425007,93,5000.875,46068.0,98,269.322,55
71.00554034113884,90,5000.875,46068.0,58,277.898,61
71.10567647777498,90,5000.875,46068.0,58,274.333,57
71.20581538788974,93,5000.875,46068.0,98,273.655,57
71.30600451119244,93,5000.875,46068.0,98,273.479,57
71.40614425577223,93,5000.875,46068.0,98,272.324,57
71.50628874450922,93,5000.875,46068.0,98,272.002,57
71.60642666183412,93,5000.875,46068.0,98,271.641,57
71.70656372793019,93,5000.875,46068.0,98,271.216,57
71.8066980522126,93,5000.875,46068.0,99,271.098,57
71.90683547966182,93,5000.875,46068.0,99,270.159,57
72.00697118416429,93,5000.875,46068.0,98,269.859,57
72.10716881230474,93,5000.875,46068.0,98,260.892,57
72.20735730789602,94,5000.875,46068.0,99,263.885,57
72.30751609615982,94,5000.875,46068.0,99,263.819,57
72.40772603265941,93,5000.875,46068.0,98,263.636,57
72.50787065178156,93,5000.875,46068.0,98,264.495,57
72.60806869901717,93,5000.875,46068.0,98,264.473,57
72.70825150422752,93,5000.875,46068.0,98,264.29,57
72.80840751156211,93,5000.875,46068.0,98,264.165,58
72.90857969224453,93,5000.875,46068.0,98,263.967,58
73.0087342839688,93,5000.875,46068.0,98,264.622,58
73.10887186229229,93,5000.875,46068.0,98,264.651,58
73.20903131179512,94,5000.875,46068.0,99,264.719,57
73.30918307229877,94,5000.875,46068.0,99,264.647,58
73.40932112000883,93,5000.875,46068.0,98,265.493,58
73.50946329534054,93,5000.875,46068.0,98,266.28,58
73.60960286855698,93,5000.875,46068.0,99,266.258,58
73.70980462059379,93,5000.875,46068.0,99,266.104,58
73.80996061488986,93,5000.875,46068.0,98,266.081,58
73.91016002744436,93,5000.875,46068.0,98,266.863,58
74.01031107641757,93,5000.875,46068.0,98,267.634,58
74.11045482195914,93,5000.875,46068.0,98,267.383,58
74.21059445105493,93,5000.875,46068.0,98,266.992,58
74.3107333034277,93,5000.875,46068.0,98,266.735,58
74.41087296418846,93,5000.875,46068.0,98,267.605,58
74.51101373508573,93,5000.875,46068.0,98,267.618,58
74.61115410737693,94,5000.875,46068.0,99,267.588,58
74.71129350923002,94,5000.875,46068.0,99,267.374,58
74.81143220886588,93,5000.875,46068.0,98,268.079,58
74.91156821511686,93,5000.875,46068.0,98,268.971,58
75.01170742511749,93,5000.875,46068.0,99,268.857,58
75.11184602417052,93,5000.875,46068.0,99,268.628,58
75.21195821650326,93,4592.875,46068.0,98,268.678,58
75.31210450828075,93,5016.875,46068.0,98,269.738,57
75.41225398145616,88,5016.875,46068.0,63,279.295,62
75.51248312741518,88,5016.875,46068.0,63,276.757,58
75.61270099505782,94,5016.875,46068.0,98,275.831,58
75.71284664422274,94,5016.875,46068.0,98,274.832,58
75.81304325163364,93,5016.875,46068.0,98,274.901,58
75.91325416788459,93,5016.875,46068.0,98,274.077,58
76.01342676021159,94,5016.875,46068.0,99,273.282,58
76.11357715539634,94,5016.875,46068.0,99,272.461,58
76.21372077427804,93,5016.875,46068.0,98,271.867,58
76.31386050395668,93,5016.875,46068.0,98,272.148,58
76.41400007531047,93,5016.875,46068.0,98,271.346,58
76.51414004713297,93,5016.875,46068.0,98,261.757,58
76.61432606726885,93,5016.875,46068.0,98,263.382,58
76.71446870453656,93,5016.875,46068.0,98,264.169,58
76.81461152993143,93,5016.875,46068.0,98,265.148,58
76.9148085359484,93,5016.875,46068.0,98,265.235,58
77.01496610417962,93,5016.875,46068.0,98,265.332,58
77.1153044514358,93,5016.875,46068.0,98,265.169,58
77.21545366756618,93,5016.875,46068.0,98,265.89,58
77.3155925180763,93,5016.875,46068.0,98,266.662,58
77.41573301889002,94,5016.875,46068.0,99,266.626,58
77.51587524451315,94,5016.875,46068.0,99,266.494,58
77.61602406017482,93,5016.875,46068.0,98,266.826,58
77.71625802107155,93,5016.875,46068.0,98,267.717,58
77.81646439246833,93,5016.875,46068.0,98,267.688,59
77.91662217117846,93,5016.875,46068.0,98,267.302,59
78.01676396653056,93,5016.875,46068.0,98,266.815,59
78.11690643243492,93,5016.875,46068.0,98,267.329,59
78.21705039963126,93,5016.875,46068.0,98,268.022,59
78.31718775629997,93,5016.875,46068.0,98,268.007,59
78.41729476861656,93,5016.875,46068.0,98,267.888,59
78.517433186993,93,5016.875,46068.0,98,267.564,59
78.61756955459714,93,5016.875,46068.0,98,268.285,59
78.71772197447717,93,5016.875,46068.0,98,268.666,59
78.81785679794848,94,5016.875,46068.0,99,268.601,59
78.91799177229404,94,5016.875,46068.0,99,268.623,59
79.01819049194455,93,5016.875,46068.0,98,268.721,59
79.11831018328667,93,5016.875,46068.0,98,269.787,59
79.21850358322263,93,5016.875,46068.0,98,269.809,59
79.31862429529428,93,4596.875,46068.0,98,269.764,59
79.41874052397907,93,4856.875,46068.0,98,269.632,59
79.53832004964352,93,4984.875,46068.0,98,281.109,62
79.65297454223037,91,4984.875,46068.0,57,261.097,56
79.7559829838574,0,4984.875,46068.0,0,244.629,55
79.88647729717195,0,4984.875,46068.0,0,228.163,55
79.99211721122265,0,4984.875,46068.0,0,211.844,54
80.09361260943115,0,4984.875,46068.0,0,195.789,54
80.1956119518727,0,4984.875,46068.0,0,178.97,54
80.31704971566796,0,4984.875,46068.0,0,162.355,54
80.42522201500833,0,4984.875,46068.0,0,145.834,54
80.5254071764648,0,4984.875,46068.0,0,129.587,54
80.62763771414757,0,4984.875,46068.0,0,129.587,54
80.7591410279274,0,4984.875,46068.0,0,129.587,54
80.87882301583886,0,4984.875,46068.0,0,129.587,54
80.98032414354384,0,4984.875,46068.0,0,129.587,54
81.08420165255666,0,4984.875,46068.0,0,129.587,54
81.54476202838123,0,4984.875,46068.0,0,87.576,53
81.64572874456644,0,4984.875,46068.0,0,87.576,53
81.7505753338337,0,4984.875,46068.0,0,87.576,53
81.88423435203731,0,4984.875,46068.0,0,87.576,53
81.98900106921792,0,4984.875,46068.0,0,87.576,53
82.09160650707781,0,4984.875,46068.0,0,87.576,53
82.19605778343976,0,4984.875,46068.0,0,87.576,53
82.3249133899808,0,4984.875,46068.0,0,87.576,53
82.42699209041893,0,4984.875,46068.0,0,87.576,53
82.5289749763906,0,4984.875,46068.0,0,87.392,52
82.66003673896194,0,4984.875,46068.0,0,87.392,52
82.76080517098308,0,4984.875,46068.0,0,87.017,52
82.87301485985518,0,4984.875,46068.0,0,87.082,52
82.98616388067603,0,4984.875,46068.0,0,87.133,52
83.08754406869411,0,4984.875,46068.0,0,87.188,52
83.19105659238994,0,4984.875,46068.0,0,87.223,52
83.30287902802229,0,4984.875,46068.0,0,87.253,52
83.4057519286871,0,4984.875,46068.0,0,87.293,52
83.50768034160137,0,4984.875,46068.0,0,87.345,52
83.61429587565362,0,4984.875,46068.0,0,87.411,52
83.71773345768452,0,4984.875,46068.0,0,87.425,52
83.82141505368054,0,4984.875,46068.0,0,87.456,52
83.92815289087594,0,4984.875,46068.0,0,87.456,52
84.02846002206206,0,4984.875,46068.0,0,87.456,52
84.13012905977666,0,4984.875,46068.0,0,87.456,52
84.23808091133833,0,4984.875,46068.0,0,87.456,52
84.34218403697014,0,4984.875,46068.0,0,87.456,52
84.45997669175267,0,4984.875,46068.0,0,87.456,52
84.5660706255585,0,4984.875,46068.0,0,87.456,52
84.66765270382166,0,4984.875,46068.0,0,87.456,52
84.7725132741034,0,4984.875,46068.0,0,86.94,52
84.87679940462112,0,4984.875,46068.0,0,86.94,52
84.97880147956312,0,4984.875,46068.0,0,86.94,52
85.08411127887666,0,4984.875,46068.0,0,86.94,52
85.20340081304312,0,4984.875,46068.0,0,86.94,52
85.30444152094424,0,4984.875,46068.0,0,86.94,52
85.40995400585234,0,4984.875,46068.0,0,86.94,52
85.5118280313909,0,4984.875,46068.0,0,86.94,52
85.6148248910904,0,4984.875,46068.0,0,86.94,52
85.71653951890767,0,4984.875,46068.0,0,86.94,52
85.81762699782848,0,4984.875,46068.0,0,86.855,52
85.91947223991156,0,4984.875,46068.0,0,86.855,52
86.02102036587894,0,4984.875,46068.0,0,86.855,52
86.12223643623292,0,4984.875,46068.0,0,86.855,52
86.22386826761067,0,4984.875,46068.0,0,86.855,52
86.32441547885537,0,4984.875,46068.0,0,86.855,52
86.42611918784678,0,4984.875,46068.0,0,86.855,52
86.52651009522378,0,4984.875,46068.0,0,86.855,52
86.62746235914528,0,4984.875,46068.0,0,86.855,52
86.73134520836174,0,4984.875,46068.0,0,86.855,51
86.8324920963496,0,4984.875,46068.0,0,86.829,51
86.93351643905044,0,4984.875,46068.0,0,86.829,51
87.04099136777222,0,4984.875,46068.0,0,86.829,51
87.1431505586952,0,4984.875,46068.0,0,86.829,51
87.24496337212622,0,4984.875,46068.0,0,86.829,51
87.34928883984685,0,4984.875,46068.0,0,86.829,51
87.79398336447775,0,4984.875,46068.0,0,86.585,51
87.8943468593061,0,4984.875,46068.0,0,86.585,51
88.01983253657818,0,4984.875,46068.0,0,86.585,51
88.14038109220564,0,4984.875,46068.0,0,86.585,51
88.2663115914911,0,4984.875,46068.0,0,86.585,51
88.3929911646992,0,4984.875,46068.0,0,86.74,51
88.50992040708661,0,4984.875,46068.0,0,86.781,51
88.63042767159641,0,4984.875,46068.0,0,86.809,51
88.75094797462225,0,4984.875,46068.0,0,86.824,51
88.8714833073318,0,4984.875,46068.0,0,87.282,51
88.97313284687698,0,4984.875,46068.0,0,87.267,51
89.08993806503713,0,4984.875,46068.0,0,87.25,51
89.19243373908103,0,4984.875,46068.0,0,87.235,51
89.3021190520376,0,4984.875,46068.0,0,87.242,51
89.4037080295384,0,4984.875,46068.0,0,87.245,51
89.51023960858583,0,4984.875,46068.0,0,87.245,51
89.87628189660609,0,4984.875,46068.0,0,87.245,51
89.9917876124382,0,4984.875,46068.0,0,87.28,51
90.11743385158479,0,4984.875,46068.0,0,87.28,51
90.23289072141051,0,4984.875,46068.0,0,87.281,51
90.35238282382488,0,4984.875,46068.0,0,87.28,51
90.48463484458625,0,4984.875,46068.0,0,87.241,51
90.65395816601813,0,4984.875,46068.0,0,87.177,51
90.7604415602982,0,4984.875,46068.0,0,87.168,51
90.8663682192564,0,4984.875,46068.0,0,87.16,51
90.97324500977993,0,4984.875,46068.0,0,87.144,51
91.07961246743798,0,4984.875,46068.0,0,87.144,51
91.18744201399386,0,4984.875,46068.0,0,87.144,51
91.29184288345277,0,4984.875,46068.0,0,87.144,51
91.39779878780246,0,4984.875,46068.0,0,87.144,51
91.50382030755281,0,4984.875,46068.0,0,87.144,51
91.61046497151256,0,4984.875,46068.0,0,87.144,51
91.71744704060256,0,4984.875,46068.0,0,87.144,51
91.82420489192009,0,4984.875,46068.0,0,87.144,51
91.92978826910257,0,4984.875,46068.0,0,87.144,50
92.03499431163073,0,4984.875,46068.0,0,86.243,50
92.15044777654111,0,4984.875,46068.0,0,86.243,50
92.27097358368337,0,4984.875,46068.0,0,86.243,50
92.39149003662169,0,4984.875,46068.0,0,86.243,50
92.51710210740566,0,4984.875,46068.0,0,86.243,50
92.64334040507674,0,4984.875,46068.0,0,86.243,50
92.7689479123801,0,4984.875,46068.0,0,86.243,50
92.88439838029444,0,4984.875,46068.0,0,86.243,50
93.00488637946546,0,4984.875,46068.0,0,86.148,50
93.1254232544452,0,4984.875,46068.0,0,86.148,50
93.24600877054036,0,4984.875,46068.0,0,86.148,50
93.37238791957498,0,4984.875,46068.0,0,86.148,50
93.49800575897098,0,4984.875,46068.0,0,86.148,50
93.61850407533348,0,4984.875,46068.0,0,86.148,50
93.7198525518179,0,4984.875,46068.0,0,86.148,50
93.82000849209726,0,4984.875,46068.0,0,86.148,50
93.93398673087358,0,4984.875,46068.0,0,86.148,50
94.05241536349058,0,4984.875,46068.0,0,86.001,50
94.18601502664387,0,4984.875,46068.0,0,86.001,50
94.30225399322808,0,4984.875,46068.0,0,86.001,50
94.4198571909219,0,4984.875,46068.0,0,86.001,50
94.54123810864985,0,4984.875,46068.0,0,86.001,50
94.66693799197674,0,4984.875,46068.0,0,86.001,50
94.79224661923945,0,4984.875,46068.0,0,86.001,50
94.90811651572585,0,4984.875,46068.0,0,86.001,50
95.02875019237399,0,4984.875,46068.0,0,85.882,50
95.14558950811625,0,4984.875,46068.0,0,85.882,50
95.26103804446757,0,4984.875,46068.0,0,85.882,50
95.37672048062086,0,4984.875,46068.0,0,85.882,50
95.90504415333271,0,4984.875,46068.0,0,85.882,50
96.02490028738976,0,4984.875,46068.0,0,85.882,50
96.1478283572942,0,4984.875,46068.0,0,85.882,50
96.28157608397305,0,4984.875,46068.0,0,85.882,50
96.4143699426204,0,4984.875,46068.0,0,85.882,50
96.5367920845747,0,4984.875,46068.0,0,85.882,50
96.65767009928823,0,4984.875,46068.0,0,85.882,50
96.7585732769221,0,4984.875,46068.0,0,86.084,50
96.86604300327599,0,4984.875,46068.0,0,86.096,50
96.96833313815296,0,4984.875,46068.0,0,86.308,50
97.07030465640128,0,4984.875,46068.0,0,86.718,50
97.1959217544645,0,4984.875,46068.0,0,86.729,50
97.31136842817068,0,4984.875,46068.0,0,86.694,50
97.41158184595406,0,4984.875,46068.0,0,86.653,50
97.51179873943329,0,4984.875,46068.0,0,94.22,51
97.61192930303514,96,4424.875,46068.0,100,101.089,52
97.71213996782899,96,4424.875,46068.0,100,107.116,52
97.81258982047439,84,4424.875,46068.0,80,115.28,54
97.9128043204546,84,4424.875,46068.0,80,155.045,54
98.01303314045072,93,4424.875,46068.0,99,165.634,54
98.11325520090759,93,4424.875,46068.0,99,181.714,55
98.21347403898835,93,4424.875,46068.0,99,197.876,55
98.31369356624782,93,4424.875,46068.0,99,214.476,55
98.41384752467275,93,4424.875,46068.0,99,230.51,55
98.51412368752062,93,4424.875,46068.0,99,247.183,55
98.61428464762866,93,4424.875,46068.0,99,253.231,55
98.71443633176386,93,4424.875,46068.0,99,259.412,55
98.8146470375359,93,4424.875,46068.0,99,265.033,55
98.91487781144679,93,4424.875,46068.0,99,266.659,56
99.01503688842058,93,4424.875,46068.0,99,267.084,55
99.11525709554553,93,4424.875,46068.0,99,267.364,56
99.2156009990722,92,4424.875,46068.0,98,267.755,56
99.31575512886047,92,4424.875,46068.0,98,267.733,56
99.41597881354392,92,4424.875,46068.0,98,267.805,56
99.51613093167543,92,4424.875,46068.0,98,268.24,56
99.61629804037511,92,4424.875,46068.0,98,268.561,56
99.7165477015078,92,4424.875,46068.0,98,268.665,56
99.81676550768316,92,4424.875,46068.0,98,268.404,56
99.91691712290049,92,4424.875,46068.0,98,268.465,56
100.01712918840349,92,4424.875,46068.0,98,268.737,56
100.117380855605,92,4424.875,46068.0,98,268.898,56
100.2175920996815,92,4424.875,46068.0,98,269.943,56
100.31780675984919,92,4424.875,46068.0,98,269.833,56
100.41795859485865,92,4424.875,46068.0,98,270.01,56
100.51816690713167,92,4424.875,46068.0,98,270.181,56
100.61838431097567,93,4424.875,46068.0,99,270.093,56
100.7186002638191,93,4424.875,46068.0,99,270.247,56
100.81883965991437,93,4424.875,46068.0,99,270.182,57
100.9190567638725,93,4424.875,46068.0,99,270.943,57
101.01930204965174,93,4424.875,46068.0,99,271.138,57
101.11951769888401,93,4424.875,46068.0,99,271.276,57
101.21972950734198,93,4424.875,46068.0,99,271.373,57
101.31988224387169,93,4424.875,46068.0,99,271.49,57
101.42009166814387,93,4424.875,46068.0,99,271.689,57
101.52033184468746,93,4424.875,46068.0,99,271.953,57
101.62047054246068,93,4424.875,46068.0,99,272.23,57
101.72067729011178,93,4424.875,46068.0,99,272.522,57
101.82082995772362,92,4424.875,46068.0,98,272.628,57
101.92098592966795,92,4424.875,46068.0,98,272.716,57
102.02119620330632,92,4424.875,46068.0,98,272.841,57
102.12134653702378,92,5098.875,46068.0,98,273.1,57
102.2214843723923,79,5098.875,46068.0,77,277.235,60
102.32169327326119,79,5098.875,46068.0,77,284.14,58
102.42184565961361,93,5098.875,46068.0,93,282.132,57
102.522058038041,93,5098.875,46068.0,93,282.125,57
102.6222075521946,93,5098.875,46068.0,99,281.935,57
102.72238067910075,93,5098.875,46068.0,99,282.064,57
102.82258876040578,93,5098.875,46068.0,99,280.701,57
102.92280399054289,93,5098.875,46068.0,99,280.449,57
103.02295683696866,93,5098.875,46068.0,99,280.521,57
103.12316878326237,93,5098.875,46068.0,99,279.386,57
103.22341152653098,92,5098.875,46068.0,99,278.943,57
103.32362909242511,92,5098.875,46068.0,99,273.876,57
103.42384570464492,92,5098.875,46068.0,98,267.103,57
103.52405966445804,92,5098.875,46068.0,98,268.05,57
103.62422608025372,92,5098.875,46068.0,98,268.044,57
103.72436385601759,92,5098.875,46068.0,98,268.233,57
103.82457431964576,92,5098.875,46068.0,98,269.098,57
103.92478962056339,92,5098.875,46068.0,98,269.233,58
104.02493205107749,92,5098.875,46068.0,98,269.271,58
104.12513887137175,92,5098.875,46068.0,98,269.376,58
104.22535775788128,92,5098.875,46068.0,98,269.763,58
104.3255724478513,92,5098.875,46068.0,98,270.095,58
104.42580309137702,93,5098.875,46068.0,99,270.067,58
104.52601993642747,93,5098.875,46068.0,99,270.06,58
104.62627030722797,93,5098.875,46068.0,99,270.399,58
104.7264838386327,93,5098.875,46068.0,99,270.749,58
104.8266982473433,93,5098.875,46068.0,99,270.742,58
104.92692792974412,93,5098.875,46068.0,99,270.884,58
105.02707821317017,93,5098.875,46068.0,99,270.994,58
105.12729936465621,93,5098.875,46068.0,99,271.338,58
105.22751451656222,93,5098.875,46068.0,99,271.542,58
105.327666150406,93,5098.875,46068.0,99,272.471,58
105.4278021324426,93,5098.875,46068.0,99,272.511,58
105.5279419310391,93,5098.875,46068.0,99,272.82,58
105.62807395868003,93,5098.875,46068.0,99,272.998,58
105.7282031700015,93,5098.875,46068.0,99,272.922,58
105.82832932844758,92,5098.875,46068.0,98,272.834,58
105.92853648774326,92,5098.875,46068.0,98,273.054,58
106.02875285968184,92,5098.875,46068.0,98,273.25,58
106.12889203615487,92,4816.875,46068.0,98,273.581,58
106.22910451330245,92,4816.875,46068.0,98,273.757,59
106.32926294952631,92,4816.875,46068.0,98,281.732,60
106.42947219125926,93,4816.875,46068.0,87,279.114,58
106.52962516061962,93,4816.875,46068.0,87,277.302,58
106.62984471581876,92,4816.875,46068.0,98,276.963,58
106.72999507933855,92,4816.875,46068.0,98,275.815,58
106.83020436391234,92,4816.875,46068.0,98,275.743,58
106.93044259957969,92,4816.875,46068.0,98,274.59,58
107.0306550860405,92,4816.875,46068.0,98,274.231,58
107.13087130710483,92,4816.875,46068.0,98,272.931,58
107.23102140240371,92,4816.875,46068.0,98,271.814,58
107.33134620636702,92,4816.875,46068.0,98,270.507,58
107.4315619468689,92,4816.875,46068.0,99,261.496,58
107.53177703917027,92,4816.875,46068.0,99,263.658,58
107.63192958571017,93,4816.875,46068.0,99,264.098,58
107.7321403119713,93,4816.875,46068.0,99,264.45,58
107.83235378749669,93,4816.875,46068.0,99,264.655,58
107.9325071554631,93,4816.875,46068.0,99,265.052,58
108.03276312723756,93,4816.875,46068.0,99,265.353,59
108.1329164672643,93,4816.875,46068.0,99,265.684,58
108.23312747105956,93,4816.875,46068.0,99,266.029,59
108.33328668028116,93,4816.875,46068.0,99,266.669,59
108.43342253193259,93,4816.875,46068.0,99,266.956,59
108.5336361695081,93,4816.875,46068.0,99,267.34,59
108.63385364413261,92,4816.875,46068.0,99,267.451,59
108.73434448800981,92,4816.875,46068.0,99,267.684,59
108.83455557189882,92,4816.875,46068.0,98,267.98,59
108.93477113358676,92,4816.875,46068.0,98,268.031,59
109.03492460399866,92,4816.875,46068.0,98,268.034,59
109.13515574857593,92,4816.875,46068.0,98,268.24,59
109.23531523533165,92,4816.875,46068.0,98,268.57,59
109.33552818372846,92,4816.875,46068.0,98,268.712,59
109.43586049973965,92,4816.875,46068.0,98,269.336,59
109.53601291589439,92,4816.875,46068.0,98,269.534,59
109.63614963926375,92,4816.875,46068.0,98,270.16,59
109.73629535548389,92,4816.875,46068.0,98,270.408,59
109.83650136366487,92,4816.875,46068.0,99,270.447,59
109.93665148690343,92,4816.875,46068.0,99,270.541,59
110.03678699955344,93,4816.875,46068.0,99,270.79,59
110.13704195059836,93,4816.875,46068.0,99,270.994,59
110.23726717568934,93,4816.875,46068.0,99,271.17,59
110.33749667741358,93,4816.875,46068.0,99,271.265,59
110.43771050870419,93,4816.875,46068.0,99,271.453,59
110.53785094618797,93,5030.875,46068.0,99,271.662,59
110.63798981159925,93,5030.875,46068.0,99,271.751,60
110.73812218010426,93,5030.875,46068.0,99,279.401,63
110.83832718618214,96,5030.875,46068.0,77,275.684,59
110.93854144401848,96,5030.875,46068.0,77,274.875,59
111.03881296887994,93,5030.875,46068.0,99,274.437,59
111.13902385532856,93,5030.875,46068.0,99,274.264,59
111.23917436785996,92,5030.875,46068.0,98,273.867,59
111.33931066095829,92,5030.875,46068.0,98,273.413,59
111.43951879255474,92,5030.875,46068.0,98,273.06,59
111.53973511606455,92,5030.875,46068.0,98,272.841,59
111.63988628052175,92,5030.875,46068.0,98,272.463,59
111.74038862064481,92,5030.875,46068.0,98,272.153,59
111.84060329198837,92,5030.875,46068.0,98,264.746,59
111.94075391627848,92,5030.875,46068.0,98,268.947,59
112.0409647077322,92,5030.875,46068.0,98,269.789,59
112.14111567288637,92,5030.875,46068.0,98,269.905,59
112.24133713543415,92,5030.875,46068.0,98,270.213,60
112.34155466035008,92,5030.875,46068.0,98,270.487,59
112.44179146178067,93,5030.875,46068.0,99,270.544,60
112.54200999811292,93,5030.875,46068.0,99,270.692,60
112.6421629153192,93,5030.875,46068.0,99,270.786,60
112.74231792800128,93,5030.875,46068.0,99,271.066,60
112.84252510592341,93,5030.875,46068.0,99,271.224,60
112.94275707192719,93,5030.875,46068.0,99,271.46,60
113.04298794642091,93,5030.875,46068.0,99,271.46,60
113.14320981502533,93,5030.875,46068.0,99,271.907,60
113.24343133717775,93,5030.875,46068.0,99,272.467,60
113.3436435945332,93,5030.875,46068.0,99,272.694,60
113.44385728426278,92,5030.875,46068.0,99,272.915,60
113.5440082885325,92,5030.875,46068.0,99,273.032,60
113.64414514228702,92,5030.875,46068.0,98,273.21,60
113.74431398324668,92,5030.875,46068.0,98,273.321,60
113.84476701915264,92,5030.875,46068.0,98,273.497,60
113.94497038424015,92,5030.875,46068.0,98,273.749,60
114.04518151842058,92,5030.875,46068.0,98,273.904,60
114.14533291198313,92,5030.875,46068.0,98,274.175,60
114.24546891637146,92,5030.875,46068.0,98,274.434,60
114.34560757130384,92,5030.875,46068.0,98,274.864,60
114.44581885822117,92,5030.875,46068.0,98,274.855,60
114.54622961953282,92,5030.875,46068.0,98,275.276,60
114.64644763618708,92,5030.875,46068.0,99,275.732,60
114.74666351824999,92,5030.875,46068.0,99,275.727,60
114.84681165963411,93,5030.875,46068.0,99,275.748,60
114.94702317379415,93,5030.875,46068.0,99,276.028,60
115.04724687710404,93,5030.875,46068.0,99,276.298,60
115.14747491851449,93,5030.875,46068.0,99,267.737,60
115.24769714847207,90,5030.875,46068.0,85,267.737,63
115.34791200980544,90,5030.875,46068.0,85,273.478,62
115.44813088513911,94,5030.875,46068.0,86,272.635,60
115.54833545163274,94,5030.875,46068.0,86,271.989,60
115.64856451191008,93,5030.875,46068.0,99,272.018,60
115.7487818878144,93,5030.875,46068.0,99,270.984,60
115.84899665601552,93,5030.875,46068.0,99,271.172,60
115.94915842823684,93,5030.875,46068.0,99,270.423,60
116.04929872788489,93,5030.875,46068.0,99,270.488,60
116.14966204017401,93,5030.875,46068.0,99,269.547,60
116.24982795491815,93,5030.875,46068.0,99,277.384,60
116.35004116408527,93,5030.875,46068.0,99,268.203,60
116.45040361583233,92,5030.875,46068.0,98,270.187,60
116.55060638859868,92,5030.875,46068.0,98,270.621,60
116.65081867575645,92,5030.875,46068.0,98,270.615,60
116.75103154405951,92,5030.875,46068.0,98,270.78,60
116.85118574090302,92,5030.875,46068.0,98,271.009,60
116.95132359862328,92,5030.875,46068.0,98,271.356,60
117.05156592838466,93,5030.875,46068.0,99,271.429,60
117.1523279286921,93,5030.875,46068.0,99,271.511,61
117.25247767940164,93,5030.875,46068.0,99,271.778,60
117.35268666222692,93,5030.875,46068.0,99,272.154,61
117.45285410247743,92,5030.875,46068.0,98,272.484,61
117.55308894254267,92,5030.875,46068.0,98,272.403,61
117.65334142744541,92,5030.875,46068.0,98,272.305,61
117.75355724059045,92,5030.875,46068.0,98,272.651,61
117.85377185977995,92,5030.875,46068.0,98,272.911,61
117.95393638499081,92,5030.875,46068.0,98,273.021,61
118.05414955317974,92,5030.875,46068.0,98,273.242,61
118.15436547622085,92,5030.875,46068.0,98,273.406,61
118.25458000600338,92,5030.875,46068.0,98,273.671,61
118.35481159202754,92,5030.875,46068.0,98,273.847,61
118.45503044687212,92,5030.875,46068.0,98,274.184,61
118.5552704166621,92,5030.875,46068.0,98,274.382,61
118.65548636764288,92,5030.875,46068.0,98,274.719,61
118.75570156797767,92,5030.875,46068.0,98,275.023,61
118.85585087165236,93,5030.875,46068.0,99,275.036,61
118.95598633214831,93,5030.875,46068.0,99,275.174,61
119.05612144432962,93,5030.875,46068.0,99,275.228,61
119.15627530403435,93,5030.875,46068.0,99,275.069,61
119.25648306310177,91,5030.875,46068.0,97,274.01,61
119.35669926553965,91,5030.875,46068.0,97,274.098,61
119.45690168812871,93,5108.875,46068.0,99,273.83,61
119.55705323256552,93,5108.875,46068.0,99,282.987,60
119.65718939527869,98,5108.875,46068.0,67,280.737,64
119.75739675574005,98,5108.875,46068.0,67,280.652,61
119.85754859261215,93,5108.875,46068.0,99,279.996,61
119.9577616006136,93,5108.875,46068.0,99,280.446,61
120.05791705101728,93,5108.875,46068.0,99,279.795,61
120.15812896750867,93,5108.875,46068.0,99,279.164,61
120.25835233926773,92,5108.875,46068.0,99,278.668,61
120.358568161726,92,5108.875,46068.0,99,279.452,61
120.4587799180299,92,5108.875,46068.0,98,279.128,61
120.55899681895971,92,5108.875,46068.0,98,278.746,61
120.65926253795624,92,5108.875,46068.0,98,269.795,61
120.75948749110103,92,5108.875,46068.0,98,271.577,61
120.85970205254853,92,5108.875,46068.0,98,272.184,61
120.95985356718302,92,5108.875,46068.0,98,272.376,61
121.06008113734424,92,5108.875,46068.0,98,272.433,61
121.16023770160973,92,5108.875,46068.0,98,272.57,61
121.26046280749142,92,5108.875,46068.0,98,272.977,61
121.36062476038933,92,5108.875,46068.0,98,273.218,61
121.4608514085412,92,5108.875,46068.0,98,273.316,61
121.56100738793612,92,5108.875,46068.0,98,273.25,61
121.66115045174956,93,5108.875,46068.0,99,273.419,61
121.76129521802068,93,5108.875,46068.0,99,273.574,61
121.86150210537016,93,5108.875,46068.0,99,273.645,61
121.9617154430598,93,5108.875,46068.0,99,273.844,62
122.06186455488205,93,5108.875,46068.0,99,273.866,61
122.16253289580345,93,5108.875,46068.0,99,274.103,62
122.26274258829653,93,5108.875,46068.0,99,274.318,62
122.3629568964243,93,5108.875,46068.0,99,275.214,62
122.4631690531969,93,5108.875,46068.0,99,275.347,62
122.56331867538393,93,5108.875,46068.0,99,275.661,62
122.66345621086657,92,5108.875,46068.0,99,275.92,62
122.76366244070232,92,5108.875,46068.0,99,276.104,62
122.86387508548796,92,5108.875,46068.0,98,276.412,62
122.96403205953538,92,5108.875,46068.0,98,276.478,62
123.06417717598379,92,5108.875,46068.0,98,276.512,62
123.16654098033905,92,5108.875,46068.0,98,277.278,62
123.26667140424252,92,5108.875,46068.0,98,277.29,62
123.36712354049087,92,5108.875,46068.0,98,277.485,62
123.46731021627784,92,5108.875,46068.0,98,277.644,62
123.56752011924982,92,5108.875,46068.0,98,278.161,62
123.66772183962166,92,4994.875,46068.0,98,286.55,62
123.76793605089188,99,4994.875,46068.0,63,289.396,65
123.86816499195993,99,4994.875,46068.0,63,288.014,62
123.9683200828731,92,4994.875,46068.0,98,287.258,62
124.06858728267252,92,4994.875,46068.0,98,285.872,62
124.16882315464318,92,4994.875,46068.0,98,285.455,62
124.26899145357311,92,4994.875,46068.0,98,284.093,62
124.36912677623332,92,4994.875,46068.0,98,283.905,62
124.46936748363078,92,4994.875,46068.0,98,282.577,62
124.56951735727489,92,4994.875,46068.0,98,282.225,62
124.66974587924778,92,4994.875,46068.0,98,281.47,62
124.76989513263106,92,4994.875,46068.0,98,272.412,62
124.8700524456799,92,4994.875,46068.0,98,269.647,62
124.97018595598638,92,4994.875,46068.0,98,269.889,62
125.0703238490969,92,4994.875,46068.0,98,270.601,62
125.17053268104792,93,4994.875,46068.0,99,270.962,62
125.27068441733718,93,4994.875,46068.0,99,271.187,62
125.37089529260993,93,4994.875,46068.0,99,271.248,62
125.47104736045003,93,4994.875,46068.0,99,271.232,62
125.57120329141617,93,4994.875,46068.0,99,271.468,62
125.67136843502522,93,4994.875,46068.0,99,271.633,62
125.77148814313114,93,4994.875,46068.0,99,271.667,62
125.87161869928241,93,4994.875,46068.0,99,272.209,62
125.97182017937303,93,4994.875,46068.0,99,272.105,62
126.0719700511545,93,4994.875,46068.0,99,272.927,62
126.17210660688579,93,4994.875,46068.0,99,273.016,62
126.27225063182414,93,4994.875,46068.0,99,273.147,62
126.37247481569648,92,4994.875,46068.0,99,273.285,62
126.47270086407661,92,4994.875,46068.0,99,273.269,62
126.57291020452976,92,4994.875,46068.0,98,273.55,62
126.67305773496628,92,4994.875,46068.0,98,273.543,62
126.77435459196568,92,4994.875,46068.0,98,273.615,62
126.8746780063957,92,4994.875,46068.0,98,273.826,62
126.97738519124687,92,4994.875,46068.0,98,274.069,62
127.07853126339614,92,4994.875,46068.0,98,274.256,62
127.17874658666551,92,4994.875,46068.0,98,274.679,62
127.27896143496037,92,4994.875,46068.0,98,274.827,62
127.37910059466958,92,4994.875,46068.0,98,275.803,62
127.47924059256911,92,4994.875,46068.0,98,275.826,62
127.57944777980447,92,4994.875,46068.0,98,276.628,62
127.67959724366665,92,4994.875,46068.0,98,276.765,63
127.77973186410964,92,4994.875,46068.0,99,276.941,62
127.87986142747104,92,4994.875,46068.0,99,277.228,63
127.98017258197069,93,4994.875,46068.0,99,277.178,62
128.08031034842134,93,4920.875,46068.0,99,271.476,63
128.1804540194571,91,4920.875,46068.0,54,278.729,65
128.28059133514762,91,4920.875,46068.0,54,275.662,64
128.3807221390307,92,4920.875,46068.0,98,275.538,63
128.48085015267134,92,4920.875,46068.0,98,274.547,63
128.58105950430036,92,4920.875,46068.0,98,274.544,63
128.68148096092045,92,4920.875,46068.0,98,273.968,63
128.78169376961887,92,4920.875,46068.0,99,273.037,63
128.88191102445126,92,4920.875,46068.0,99,273.21,63
128.98209883458912,93,4920.875,46068.0,99,272.118,63
129.08230773545802,93,4920.875,46068.0,99,272.338,63
129.18250255659223,93,4920.875,46068.0,99,277.035,63
129.2827272992581,93,4920.875,46068.0,99,269.949,63
129.38287805579603,93,4920.875,46068.0,99,272.007,63
129.48309962637722,93,4920.875,46068.0,99,272.3,63
129.5833007954061,93,4920.875,46068.0,99,272.453,63
129.6834391914308,93,4920.875,46068.0,99,272.46,63
129.78357131965458,93,4920.875,46068.0,99,272.558,63
129.88370252400637,93,4920.875,46068.0,99,272.784,63
129.98391589149833,92,4920.875,46068.0,99,272.949,63
130.084067620337,92,4920.875,46068.0,99,272.999,63
130.1845086272806,92,4920.875,46068.0,98,272.983,63
130.28464527986944,92,4920.875,46068.0,98,273.271,63
130.38477544300258,92,4920.875,46068.0,98,273.424,63
130.48490472696722,92,4920.875,46068.0,98,273.547,63
130.58511487953365,92,4920.875,46068.0,98,273.774,63
130.6853002961725,92,4920.875,46068.0,98,273.906,63
130.78550864756107,92,4920.875,46068.0,98,274.206,63
130.88600719161332,92,4920.875,46068.0,98,274.461,63
130.98616786114872,92,4920.875,46068.0,98,274.816,63
131.08630560711026,92,4920.875,46068.0,98,274.938,63
131.18651985563338,92,4920.875,46068.0,98,275.252,63
131.28667312301695,92,4920.875,46068.0,98,275.445,63
131.38680979795754,93,4920.875,46068.0,99,275.582,63
131.48701931908727,93,4920.875,46068.0,99,275.901,63
131.58729562349617,93,4920.875,46068.0,99,276.094,63
131.68751062452793,93,4920.875,46068.0,99,276.027,63
131.78772351890802,93,4920.875,46068.0,99,276.302,63
131.88787446543574,93,4920.875,46068.0,99,276.511,63
131.98808304779232,93,4920.875,46068.0,99,276.697,63
132.08830405585468,93,4920.875,46068.0,99,277.508,63
132.1885200086981,93,4920.875,46068.0,99,277.467,63
132.28875423781574,93,4920.875,46068.0,99,278.358,63
132.38898357003927,93,4920.875,46068.0,99,278.518,63
132.48913813009858,93,4920.875,46068.0,99,278.798,63
132.58931891061366,92,4920.875,46068.0,98,278.876,63
132.68951846845448,92,4906.875,46068.0,98,283.003,63
132.78967513889074,99,4906.875,46068.0,59,287.679,66
132.8898127451539,99,4906.875,46068.0,59,286.632,63
132.9901263229549,92,4906.875,46068.0,98,285.754,63
133.09035421349108,92,4906.875,46068.0,98,284.962,63
133.19057119637728,92,4906.875,46068.0,98,283.446,63
133.29078881256282,92,4906.875,46068.0,98,282.922,63
133.39094112813473,92,4906.875,46068.0,98,281.451,63
133.4911534152925,92,4906.875,46068.0,98,280.829,63
133.59131011925638,93,4906.875,46068.0,99,280.026,63
133.6917350832373,93,4906.875,46068.0,99,279.257,63
133.79194442555308,93,4906.875,46068.0,99,274.522,63
133.89215878397226,93,4906.875,46068.0,99,269.443,63
133.99237487837672,93,4906.875,46068.0,99,269.818,63
134.09259019978344,93,4906.875,46068.0,99,270.038,63
134.1928084231913,93,4906.875,46068.0,99,270.286,63
134.2930237557739,93,4906.875,46068.0,99,271.109,63
134.39344955980778,93,4906.875,46068.0,99,271.209,63
134.49366454221308,93,4906.875,46068.0,99,271.498,63
134.59388341754675,92,4906.875,46068.0,99,271.559,63
134.69410983659327,92,4906.875,46068.0,99,271.72,63
134.79426652751863,92,4906.875,46068.0,98,271.79,63
134.89440479502082,92,4906.875,46068.0,98,271.906,63
134.9946167115122,92,4906.875,46068.0,98,271.897,64
135.09492118656635,92,4906.875,46068.0,98,272.244,63
135.1951516494155,92,4906.875,46068.0,98,272.581,64
135.29531529173255,92,4906.875,46068.0,98,272.561,64
135.3955274000764,92,4906.875,46068.0,98,272.692,64
135.4956785440445,92,4906.875,46068.0,98,272.888,64
135.59581748209894,92,4906.875,46068.0,98,273.165,64
135.69595408439636,92,4906.875,46068.0,98,273.399,64
135.79650167189538,92,4906.875,46068.0,98,273.52,64
135.89672131091356,92,4906.875,46068.0,98,273.736,64
135.99687127396464,93,4906.875,46068.0,99,273.891,64
136.09708331897855,93,4906.875,46068.0,99,274.29,64
136.19724293798208,93,4906.875,46068.0,99,274.312,64
136.29745255224407,93,4906.875,46068.0,99,274.429,64
136.3976707458496,93,4906.875,46068.0,99,274.626,64
136.4979603085667,93,4906.875,46068.0,99,274.973,64
136.5981720238924,93,4906.875,46068.0,99,275.037,64
136.6983872037381,93,4906.875,46068.0,99,275.648,64
136.79859927110374,93,4906.875,46068.0,99,275.937,64
136.89881335012615,93,4906.875,46068.0,99,276.233,64
136.998967429623,92,4906.875,46068.0,98,276.305,64
137.09910021722317,92,4906.875,46068.0,98,281.297,64
137.1992431115359,99,4906.875,46068.0,60,283.467,67
137.29956655204296,99,4906.875,46068.0,60,283.256,64
137.39980061165988,93,4906.875,46068.0,99,281.978,64
137.50001705624163,93,4906.875,46068.0,99,281.856,64
137.6001712437719,93,4906.875,46068.0,99,280.678,64
137.70030836760998,93,4906.875,46068.0,99,280.703,64
137.80053465627134,93,4906.875,46068.0,99,279.885,64
137.90076227486134,93,4906.875,46068.0,99,279.53,64
138.00094765238464,93,4906.875,46068.0,99,279.279,64
138.10116291418672,93,4906.875,46068.0,99,278.435,64
138.20131748355925,92,4906.875,46068.0,99,273.669,64
138.3015305623412,92,4906.875,46068.0,99,270.431,64
138.40174666419625,92,4906.875,46068.0,98,270.614,64
138.50196531042457,92,4906.875,46068.0,98,270.984,64
138.60218095220625,92,4906.875,46068.0,98,271.368,64
138.70245260745287,92,4906.875,46068.0,98,271.478,64
138.80266810022295,91,4906.875,46068.0,98,271.479,64
138.90288453176618,91,4906.875,46068.0,98,271.45,64
139.00303915143013,92,4906.875,46068.0,98,271.515,64
139.10328305512667,92,4906.875,46068.0,98,271.584,64
139.20350642688572,92,4906.875,46068.0,98,272.472,64
139.30366002768278,92,4906.875,46068.0,98,272.535,64
139.40389476716518,92,4906.875,46068.0,98,273.431,64
139.50410892814398,92,4906.875,46068.0,98,273.601,64
139.6043348442763,92,4906.875,46068.0,99,273.518,64
139.70454884320498,92,4906.875,46068.0,99,273.552,64
139.80476415343583,93,4906.875,46068.0,99,273.707,64
139.90498201921582,93,4906.875,46068.0,99,273.911,64
140.0051327943802,93,4906.875,46068.0,99,274.072,64
140.10529210045934,93,4906.875,46068.0,99,274.332,64
140.20550425723195,93,4906.875,46068.0,99,274.578,64
140.3056573253125,93,4906.875,46068.0,99,274.799,64
140.40588533505797,93,4906.875,46068.0,99,274.874,64
140.5060466863215,93,4906.875,46068.0,99,275.123,64
140.60618407092988,93,4906.875,46068.0,99,275.233,64
140.7063182797283,93,4994.875,46068.0,99,268.237,64
140.80654671229422,90,4994.875,46068.0,57,274.578,67
140.90676526725292,90,4994.875,46068.0,57,272.483,67
141.00698106735945,93,4994.875,46068.0,99,271.867,65
141.10719642043114,93,4994.875,46068.0,99,272.31,64
141.2074163686484,93,4994.875,46068.0,99,271.81,64
141.30763392336667,93,4994.875,46068.0,99,271.402,64
141.4078972749412,93,4994.875,46068.0,99,270.785,65
141.50810796022415,93,4994.875,46068.0,99,270.171,64
141.60826762765646,92,4994.875,46068.0,98,269.62,65
141.70840344950557,92,4994.875,46068.0,98,269.214,65
141.8085358273238,92,4994.875,46068.0,98,277.05,65
141.9086689054966,92,4994.875,46068.0,98,270.319,65
142.00879784859717,92,4994.875,46068.0,98,273.045,64
142.10931615158916,92,4994.875,46068.0,98,273.199,65
142.20953404530883,92,4994.875,46068.0,98,273.353,64
142.30968284793198,92,4994.875,46068.0,98,273.56,65
142.40989466384053,92,4994.875,46068.0,98,274.439,65
142.51004615053535,92,4994.875,46068.0,98,274.621,65
142.610287880525,92,4994.875,46068.0,99,275.003,65
142.7104397956282,92,4994.875,46068.0,99,275.399,65
142.810745511204,93,4994.875,46068.0,99,275.482,65
142.9108818154782,93,4994.875,46068.0,99,275.592,65
143.01107881963253,93,4994.875,46068.0,99,275.598,65
143.11123804748058,93,4994.875,46068.0,99,275.665,65
143.21137608401477,93,4994.875,46068.0,99,275.856,65
143.31150949932635,93,4994.875,46068.0,99,276.083,65
143.4116427898407,93,4994.875,46068.0,99,276.221,65
143.5119081865996,93,4994.875,46068.0,99,276.265,65
143.61205958016217,93,4994.875,46068.0,99,276.325,65
143.71219258010387,93,4994.875,46068.0,99,276.45,65
143.81232405640185,92,4994.875,46068.0,98,276.587,65
143.912453988567,92,4994.875,46068.0,98,276.643,65
144.01258208043873,92,4994.875,46068.0,98,276.603,65
144.11279193125665,92,4994.875,46068.0,98,276.854,65
144.21294404752553,92,4994.875,46068.0,98,277.267,65
144.31315385177732,92,4994.875,46068.0,98,277.385,65
144.41331839561462,92,4994.875,46068.0,98,277.605,65
144.51353065110743,92,4994.875,46068.0,98,277.668,65
144.6137467753142,92,4994.875,46068.0,98,277.877,65
144.71396517939866,92,4994.875,46068.0,98,278.157,65
144.81411503627896,92,4994.875,46068.0,98,278.416,65
144.914287481457,92,4994.875,46068.0,98,278.675,65
145.01450349390507,92,4994.875,46068.0,99,278.801,65
145.1147256437689,92,5024.875,46068.0,99,269.01,65
145.2149955779314,100,5024.875,46068.0,60,274.395,68
145.31514888815582,100,5024.875,46068.0,60,272.382,66
145.4153161663562,92,5024.875,46068.0,98,272.138,65
145.51552597992122,92,5024.875,46068.0,98,270.892,65
145.61574123986065,92,5024.875,46068.0,98,270.756,65
145.71589359641075,92,5024.875,46068.0,98,268.997,65
145.81602777540684,92,5024.875,46068.0,99,269.447,65
145.9161619860679,92,5024.875,46068.0,99,269.034,65
146.01637306064367,92,5024.875,46068.0,98,268.581,65
146.11669096536934,92,5024.875,46068.0,98,268.406,65
146.21685583144426,92,5024.875,46068.0,98,278.008,65
146.31708126701415,92,5024.875,46068.0,98,271.686,65
146.41740374825895,92,5024.875,46068.0,98,273.273,65
146.51761864870787,92,5024.875,46068.0,98,273.355,65
146.617836214602,92,5024.875,46068.0,99,273.463,65
146.71805438771844,92,5024.875,46068.0,99,273.536,65
146.8182346969843,93,5024.875,46068.0,99,273.405,65
146.91844867542386,93,5024.875,46068.0,99,273.641,65
147.01866754330695,93,5024.875,46068.0,99,273.745,65
147.1188847385347,93,5024.875,46068.0,99,273.773,65
147.21910182014108,93,5024.875,46068.0,99,273.856,65
147.3192651644349,93,5024.875,46068.0,99,274.042,65
147.41940027661622,93,5024.875,46068.0,99,274.22,65
147.51986935548484,93,5024.875,46068.0,99,275.128,65
147.62008256465197,93,5024.875,46068.0,99,275.245,65
147.72029660455883,93,5024.875,46068.0,99,275.496,65
147.82050550356507,92,5024.875,46068.0,98,275.678,65
147.9207229875028,92,5024.875,46068.0,98,275.676,65
148.02087392285466,92,5024.875,46068.0,98,275.685,65
148.12108671106398,92,5024.875,46068.0,98,275.774,65
148.22140517644584,92,5024.875,46068.0,98,276.088,65
148.3216348402202,92,5024.875,46068.0,98,276.234,65
148.4218516126275,92,5024.875,46068.0,98,276.409,65
148.52200547233224,92,5024.875,46068.0,98,276.437,65
148.6221432685852,92,5024.875,46068.0,98,276.62,65
148.7222675718367,92,4994.875,46068.0,98,276.818,65
148.82249400950968,85,4994.875,46068.0,55,285.734,64
148.92266527563334,85,4994.875,46068.0,55,282.446,68
149.02312601171434,93,4994.875,46068.0,98,283.559,66
149.12326954863966,93,4994.875,46068.0,98,282.47,66
149.22347645647824,92,4994.875,46068.0,98,282.667,66
149.32369167543948,92,4994.875,46068.0,98,281.567,65
149.42384476400912,92,4994.875,46068.0,98,281.669,66
149.52405909635127,92,4994.875,46068.0,98,280.831,65
149.624247726053,92,4994.875,46068.0,98,281.024,66
149.72474060207605,92,4994.875,46068.0,98,280.185,66
149.82495833560824,92,4994.875,46068.0,98,280.312,66
149.92511197552085,92,4994.875,46068.0,98,271.535,66
150.02525535970926,92,4994.875,46068.0,98,274.971,66
150.12546501122415,92,4994.875,46068.0,98,274.747,66
150.22568411752582,92,4994.875,46068.0,98,274.849,66
150.32583804801106,92,4994.875,46068.0,98,274.893,66
150.42634402401745,92,4994.875,46068.0,99,275.248,65
150.52649823203683,92,4994.875,46068.0,99,275.484,66
150.62663437612355,93,4994.875,46068.0,99,275.396,66
150.72676794417202,93,4994.875,46068.0,99,275.375,66
150.82689653523266,93,4994.875,46068.0,99,275.685,66
150.92702904343605,93,4994.875,46068.0,99,276.042,66
151.02723672427237,93,4994.875,46068.0,99,275.976,66
151.1274593435228,93,4994.875,46068.0,99,276.103,66
151.22759985551238,93,4994.875,46068.0,99,276.147,66
151.3278143554926,93,4994.875,46068.0,99,276.815,66
151.42803176864982,93,4994.875,46068.0,99,277.003,66
151.52818575687706,93,4994.875,46068.0,99,277.252,66
151.62832374311984,92,4994.875,46068.0,99,277.341,66
151.72872095555067,92,4994.875,46068.0,99,277.613,66
151.8289467729628,92,4994.875,46068.0,98,277.838,66
151.92915863916278,92,4994.875,46068.0,98,277.916,66
152.02931986935437,92,4994.875,46068.0,98,277.861,66
152.12953077442944,92,4994.875,46068.0,98,278.163,66
152.22968553565443,92,4994.875,46068.0,98,278.269,66
152.32982035540044,92,4994.875,46068.0,98,278.539,66
152.43003056012094,92,4994.875,46068.0,98,279.057,66
152.53018516860902,92,4994.875,46068.0,98,279.111,66
152.63032157160342,92,4994.875,46068.0,98,279.908,66
152.7317371983081,92,4994.875,46068.0,98,280.018,66
152.8318895753473,92,4994.875,46068.0,98,280.298,66
152.93210205249488,92,4994.875,46068.0,98,280.496,66
153.03619281761348,93,4424.875,46068.0,99,280.355,66
153.13643411546946,93,4986.875,46068.0,99,279.564,66
153.23666160739958,100,4986.875,46068.0,62,285.485,69
153.33687629550695,100,4986.875,46068.0,62,283.792,66
153.4370923805982,93,4986.875,46068.0,99,283.273,66
153.5372493918985,93,4986.875,46068.0,99,282.628,66
153.63738625496626,93,4986.875,46068.0,99,282.237,66
153.73759554699063,93,4986.875,46068.0,99,280.905,66
153.83800754323602,92,4986.875,46068.0,98,280.529,66
153.93823124840856,92,4986.875,46068.0,98,280.066,66
154.03844834119081,92,4986.875,46068.0,98,279.713,66
154.13866529613733,92,4986.875,46068.0,98,279.46,66
154.23888166807592,92,4986.875,46068.0,98,279.927,66
154.3390334136784,92,4986.875,46068.0,98,273.946,66
154.43917476385832,92,4986.875,46068.0,98,275.29,66
154.53962268307805,92,4986.875,46068.0,98,275.428,66
154.6404012273997,92,4986.875,46068.0,98,275.693,66
154.74063283205032,92,4986.875,46068.0,98,275.847,66
154.84084846451879,92,4986.875,46068.0,98,276.147,66
154.94106388650835,92,4986.875,46068.0,98,276.472,66
155.04128530807793,93,4986.875,46068.0,99,276.441,66
155.14142567664385,93,4986.875,46068.0,99,276.441,66
155.2416318040341,93,4986.875,46068.0,99,276.542,66
155.3418495003134,93,4986.875,46068.0,99,276.856,66
155.4420649111271,93,4986.875,46068.0,99,276.923,66
155.54222439974546,93,4986.875,46068.0,99,277.056,66
155.64243618398905,93,4986.875,46068.0,99,277.21,66
155.74258803203702,93,4986.875,46068.0,99,277.376,66
155.84272450581193,93,4986.875,46068.0,99,277.58,66
155.94293175637722,93,4986.875,46068.0,99,278.108,66
156.04308049567044,92,4986.875,46068.0,99,278.135,66
156.14322677627206,92,4986.875,46068.0,99,278.252,66
156.24344001337886,92,4986.875,46068.0,98,278.451,66
156.34365843050182,92,4986.875,46068.0,98,278.737,66
156.44380814395845,92,4986.875,46068.0,98,278.863,66
156.54401014372706,92,4986.875,46068.0,98,278.95,66
156.64431930705905,92,4986.875,46068.0,98,279.033,66
156.7444725651294,92,4986.875,46068.0,98,279.342,66
156.84472586400807,92,4986.875,46068.0,98,279.633,66
156.94750268384814,92,4986.875,46068.0,98,279.776,66
157.04774634726346,92,4986.875,46068.0,98,280.195,67
157.1479641031474,92,4986.875,46068.0,98,280.295,66
157.24813022091985,92,4986.875,46068.0,99,280.482,67
157.348287448287,92,4986.875,46068.0,99,280.652,67
157.44851433485746,93,4986.875,46068.0,99,280.811,67
157.54874776303768,93,4986.875,46068.0,99,280.998,67
157.6489517595619,93,4870.875,46068.0,99,281.165,66
157.74916880391538,93,4870.875,46068.0,99,290.138,66
157.84931930713356,95,4870.875,46068.0,79,286.667,70
157.94953155517578,95,4870.875,46068.0,79,285.46,66
158.0497468151152,93,4870.875,46068.0,99,284.716,66
158.1502604931593,93,4870.875,46068.0,99,284.143,67
158.25046974793077,93,4870.875,46068.0,99,283.455,67
158.3508194796741,93,4870.875,46068.0,99,283.074,67
158.450976151973,93,4870.875,46068.0,99,282.274,67
158.55118634738028,93,4870.875,46068.0,99,281.557,67
158.6515334751457,92,4870.875,46068.0,98,280.826,67
158.7517437878996,92,4870.875,46068.0,98,280.152,67
158.85197935253382,92,4870.875,46068.0,98,270.573,67
158.9521325789392,92,4870.875,46068.0,98,273.372,66
159.05238304287195,92,4870.875,46068.0,98,273.846,67
159.1526657063514,92,4870.875,46068.0,98,274.077,67
159.25286309979856,92,4870.875,46068.0,98,274.417,67
159.353062979877,92,4870.875,46068.0,98,274.648,67
159.45327028818429,92,4870.875,46068.0,98,275.486,67
159.55346958711743,92,4870.875,46068.0,98,275.69,67
159.65415461175144,92,4870.875,46068.0,98,275.883,67
159.7543512340635,92,4870.875,46068.0,98,275.987,67
159.85455051250756,93,4870.875,46068.0,99,276.113,67
159.95475245267153,93,4870.875,46068.0,99,276.41,67
160.0549680646509,93,4870.875,46068.0,99,276.504,67
160.1551700681448,93,4870.875,46068.0,99,276.614,67
160.255366159603,93,4870.875,46068.0,99,276.759,67
160.35556771978736,93,4870.875,46068.0,99,276.842,67
160.45576604828238,93,4870.875,46068.0,99,276.974,67
160.55596586316824,93,4870.875,46068.0,99,277.31,67
160.65616816841066,93,4870.875,46068.0,99,277.51,67
160.75635092891753,93,4870.875,46068.0,99,277.641,67
160.8565493877977,92,4870.875,46068.0,99,277.762,67
160.95675090700388,92,4870.875,46068.0,99,277.82,67
161.0569501351565,92,4870.875,46068.0,98,277.919,67
161.15716420300305,92,4870.875,46068.0,98,278.376,67
161.25734739750624,92,4870.875,46068.0,98,278.777,67
161.35754825733602,92,4870.875,46068.0,98,278.915,67
161.45774910785258,92,4870.875,46068.0,98,279.107,67
161.55795418284833,92,4986.875,46068.0,98,279.202,67
161.65811187028885,88,4986.875,46068.0,58,286.936,65
161.75833458267152,88,4986.875,46068.0,58,283.58,70
161.8585365433246,93,4986.875,46068.0,99,283.272,67
161.95878688804805,93,4986.875,46068.0,99,283.312,67
162.0589875560254,93,4986.875,46068.0,99,283.664,67
162.15918727591634,93,4986.875,46068.0,99,283.299,67
162.2593893483281,93,4986.875,46068.0,99,283.36,67
162.35959086753428,93,4986.875,46068.0,99,282.417,67
162.45980936288834,92,4986.875,46068.0,98,282.581,67
162.5600143801421,92,4986.875,46068.0,98,281.721,67
162.66022855974734,92,4986.875,46068.0,98,281.947,67
162.76044498384,92,4986.875,46068.0,98,273.486,67
162.8606426604092,92,4986.875,46068.0,98,277.156,67
162.9607980120927,92,4986.875,46068.0,98,277.741,67
163.061031838879,92,4986.875,46068.0,98,277.967,67
163.16125264018774,92,4986.875,46068.0,98,278.159,67
163.2614547610283,92,4986.875,46068.0,98,278.897,67
163.3619948681444,92,4986.875,46068.0,98,279.007,67
163.46219494752586,92,4986.875,46068.0,98,279.03,67
163.56239501573145,92,4986.875,46068.0,98,279.218,67
163.6625947151333,93,4986.875,46068.0,99,279.313,67
163.76279343105853,93,4986.875,46068.0,99,279.324,67
163.86299310065806,93,4986.875,46068.0,99,279.594,67
163.96319566108286,93,4986.875,46068.0,99,279.935,67
164.0634028520435,93,4986.875,46068.0,99,280.226,67
164.1636062040925,93,4986.875,46068.0,99,280.479,67
164.26407060027122,93,4986.875,46068.0,99,280.331,67
164.36427571624517,93,4986.875,46068.0,99,280.311,67
164.46447628363967,93,4986.875,46068.0,99,280.294,67
164.56467816606164,93,4986.875,46068.0,99,281.32,67
164.66489547118545,93,4986.875,46068.0,99,281.314,67
164.76511962525547,93,4986.875,46068.0,99,282.375,67
164.8653425872326,93,4986.875,46068.0,99,282.446,67
164.96555250138044,93,4986.875,46068.0,99,282.34,67
165.06574871577322,92,4986.875,46068.0,98,282.131,67
165.16596339643002,92,4986.875,46068.0,98,281.993,67
165.266177482903,92,4986.875,46068.0,98,281.972,67
165.3663963712752,92,4986.875,46068.0,98,282.154,67
165.46661182306707,92,4986.875,46068.0,98,282.346,67
165.56682619452477,92,4986.875,46068.0,98,282.572,67
165.66705401428044,92,4986.875,46068.0,98,282.753,67
165.76729322224855,92,4986.875,46068.0,98,282.907,67
165.86749252863228,92,4986.875,46068.0,98,283.088,68
165.96766642853618,92,4920.875,46068.0,98,283.336,67
166.06786529533565,86,4920.875,46068.0,80,272.004,70
166.16814126819372,86,4920.875,46068.0,80,279.53,68
166.26835696026683,93,4920.875,46068.0,92,277.462,68
166.3685584589839,93,4920.875,46068.0,92,277.561,68
166.46877124719322,93,4920.875,46068.0,99,277.124,68
166.56892601959407,93,4920.875,46068.0,99,276.64,68
166.66912151128054,93,4920.875,46068.0,99,276.067,67
166.76931311748922,93,4920.875,46068.0,99,275.427,68
166.86946677602828,93,4920.875,46068.0,99,274.876,67
166.96966175734997,93,4920.875,46068.0,99,273.401,68
167.06988292001188,92,4920.875,46068.0,99,272.888,68
167.17003712803125,92,4920.875,46068.0,99,283.916,68
167.27025951258838,92,4920.875,46068.0,98,276.011,68
167.37047530338168,92,4920.875,46068.0,98,276.897,68
167.4706768244505,92,4920.875,46068.0,98,277.136,68
167.57115840353072,92,4920.875,46068.0,98,277.28,67
167.67137929424644,92,4920.875,46068.0,98,277.3,68
167.7715816348791,92,4920.875,46068.0,98,277.494,68
167.87179842963815,92,4920.875,46068.0,98,277.796,68
167.97202939540148,92,4920.875,46068.0,98,278.038,68
168.0722513254732,92,4920.875,46068.0,98,278.097,68
168.17246475629508,92,4920.875,46068.0,98,278.163,68
168.27269781194627,93,4920.875,46068.0,99,278.356,68
168.37291188165545,93,4920.875,46068.0,99,278.753,68
168.47313989140093,93,4920.875,46068.0,99,279.135,68
168.5733745638281,93,4920.875,46068.0,99,279.358,68
168.67358770221472,93,4920.875,46068.0,99,279.469,68
168.77380425669253,93,4920.875,46068.0,99,279.713,68
168.87401835620403,93,4920.875,46068.0,99,279.911,68
168.97425516694784,93,4920.875,46068.0,99,279.691,68
169.07446986064315,93,4920.875,46068.0,99,279.757,68
169.17468903586268,93,4920.875,46068.0,99,280.079,68
169.2748915590346,92,4920.875,46068.0,98,280.414,68
169.37509351968765,92,4920.875,46068.0,98,280.646,68
169.47533582150936,92,4920.875,46068.0,98,280.867,68
169.57553539983928,92,4920.875,46068.0,98,280.882,68
169.67573639936745,92,4920.875,46068.0,98,280.972,68
169.77595121227205,92,4920.875,46068.0,98,281.269,68
169.87616615183651,92,4920.875,46068.0,99,281.377,68
169.9763632081449,92,4994.875,46068.0,99,281.669,68
170.076563404873,84,4994.875,46068.0,77,277.025,71
170.1770041845739,84,4994.875,46068.0,77,284.799,69
170.27720704860985,93,4994.875,46068.0,89,282.42,68
170.37751731090248,93,4994.875,46068.0,89,282.295,68
170.47772086411715,92,4994.875,46068.0,98,281.88,68
170.57792239636183,92,4994.875,46068.0,98,281.24,68
170.6781375668943,93,4994.875,46068.0,99,280.865,68
170.77834482491016,93,4994.875,46068.0,99,280.577,68
170.87854919210076,93,4994.875,46068.0,99,280.148,68
170.9787652734667,93,4994.875,46068.0,99,279.848,68
171.07898329943419,93,4994.875,46068.0,99,279.225,68
171.1792041193694,93,4994.875,46068.0,99,283.999,68
171.27941204048693,93,4994.875,46068.0,99,276.104,68
171.3796144016087,93,4994.875,46068.0,99,278.999,68
171.47983186692,93,4994.875,46068.0,99,278.955,68
171.5799964517355,93,4994.875,46068.0,99,279.693,68
171.68020804785192,92,4994.875,46068.0,99,280.002,68
171.78047983534634,92,4994.875,46068.0,99,280.084,68
171.88064068369567,92,4994.875,46068.0,98,280.196,68
171.9808349441737,92,4994.875,46068.0,98,280.411,68
172.08099045604467,92,4994.875,46068.0,98,280.548,68
172.18113469146192,92,4994.875,46068.0,98,280.901,68
172.28128237091005,92,4994.875,46068.0,98,281.252,68
172.38141761533916,92,4994.875,46068.0,98,281.396,68
172.48175927624106,92,4994.875,46068.0,98,281.475,68
172.5819539166987,92,4994.875,46068.0,98,281.711,68
172.68217451497912,92,4994.875,46068.0,98,281.457,68
172.78237582556903,92,4994.875,46068.0,98,281.552,68
172.88257627561688,92,4994.875,46068.0,99,281.831,68
172.98279696330428,92,4994.875,46068.0,99,282.038,68
173.08301517926157,93,4994.875,46068.0,99,282.087,68
173.18324912898242,93,4994.875,46068.0,99,282.302,68
173.2834663838148,93,4994.875,46068.0,99,282.441,68
173.3836665842682,93,4994.875,46068.0,99,282.633,68
173.48388204351068,93,4994.875,46068.0,99,282.71,68
173.58409490436316,93,4994.875,46068.0,99,283.016,68
173.6843049749732,93,4994.875,46068.0,99,283.159,68
173.7845209799707,93,4994.875,46068.0,99,283.315,68
173.8848062157631,93,4994.875,46068.0,99,283.444,68
173.98502477258444,93,4994.875,46068.0,99,283.649,68
174.085246283561,92,4994.875,46068.0,98,283.875,68
174.18545461446047,92,4892.875,46068.0,98,284.111,68
174.28566955588758,86,4892.875,46068.0,74,284.984,71
174.3858884125948,86,4892.875,46068.0,74,288.014,68
174.48604421317577,92,4892.875,46068.0,98,286.407,68
174.58629623055458,92,4892.875,46068.0,98,285.331,68
174.68651091121137,92,4892.875,46068.0,98,284.284,68
174.78679446317255,92,4892.875,46068.0,98,283.393,68
174.8870098758489,92,4892.875,46068.0,98,283.26,68
174.98721126839519,92,4892.875,46068.0,98,282.457,68
175.08742013946176,92,4892.875,46068.0,98,282.5,68
175.1876201070845,92,4892.875,46068.0,98,281.585,68
175.28782422095537,92,4892.875,46068.0,98,280.889,68
175.38798124715686,92,4892.875,46068.0,98,279.26,68
175.48812492005527,92,4892.875,46068.0,99,275.556,68
175.58826911635697,92,4892.875,46068.0,99,276.447,68
175.68846493959427,93,4892.875,46068.0,99,276.983,68
175.7886215429753,93,4892.875,46068.0,99,277.523,68
175.88883722387254,93,4892.875,46068.0,99,277.765,68
175.98903474025428,93,4892.875,46068.0,99,278.095,68
176.08926068805158,93,4892.875,46068.0,99,278.283,68
176.18946012295783,93,4892.875,46068.0,99,278.327,68
176.28961716033518,93,4892.875,46068.0,99,278.522,68
176.38993612490594,93,4892.875,46068.0,99,278.726,68
176.4901338312775,92,4892.875,46068.0,98,279.051,68
176.59035047516227,92,4892.875,46068.0,98,279.11,68
176.6906068176031,92,4892.875,46068.0,98,279.336,68
176.79082212783396,92,4892.875,46068.0,98,279.147,68
176.89104954712093,92,4892.875,46068.0,98,279.065,68
176.99127673730254,92,4892.875,46068.0,98,279.109,68
177.0914770886302,92,4892.875,46068.0,98,279.136,68
177.19167903997004,92,4892.875,46068.0,98,279.34,68
177.29188214242458,92,4892.875,46068.0,98,279.842,68
177.39204535633326,92,4994.875,46068.0,98,279.974,68
177.4922052938491,92,4994.875,46068.0,98,280.547,69
177.5924128741026,92,4994.875,46068.0,98,287.724,69
177.69261508621275,96,4994.875,46068.0,75,284.599,69
177.7928340230137,96,4994.875,46068.0,75,285.172,69
177.89303629659116,92,4994.875,46068.0,98,285.032,69
177.99318922311068,92,4994.875,46068.0,98,284.794,68
178.0933873206377,92,4994.875,46068.0,98,284.435,69
178.19359059259295,92,4994.875,46068.0,98,284.06,69
178.29379096254706,93,4994.875,46068.0,99,283.466,69
178.39399340376258,93,4994.875,46068.0,99,283.015,69
178.49453291110694,93,4994.875,46068.0,99,282.787,69
178.59473545104265,93,4994.875,46068.0,99,275.411,69
178.69489324837923,93,4994.875,46068.0,99,279.474,69
178.795089231804,93,4994.875,46068.0,99,279.519,68
178.89525244385004,93,4994.875,46068.0,99,279.621,69
178.9953985325992,93,4994.875,46068.0,99,279.937,69
179.09553636051714,93,4994.875,46068.0,99,280.343,69
179.19576472975314,92,4994.875,46068.0,98,280.652,69
179.29590437747538,92,4994.875,46068.0,98,280.822,69
179.3961176481098,92,4994.875,46068.0,98,281.037,69
179.49636207148433,92,4994.875,46068.0,98,281.359,69
179.59657854400575,92,4994.875,46068.0,98,281.617,69
179.69678046740592,92,4994.875,46068.0,98,281.743,69
179.79699462652206,92,4994.875,46068.0,98,281.887,69
179.89722909592092,92,4994.875,46068.0,98,282.292,69
179.99743290059268,92,4994.875,46068.0,98,282.595,69
180.0976314973086,92,4994.875,46068.0,98,282.708,69
180.19783247821033,92,4994.875,46068.0,98,282.632,69
180.2980353590101,92,4994.875,46068.0,98,282.726,69
180.39827836304903,93,4994.875,46068.0,99,283.186,69
180.49848094582558,93,4994.875,46068.0,99,283.418,69
180.5987388510257,93,4994.875,46068.0,99,283.479,69
180.6988926511258,93,4994.875,46068.0,99,283.69,69
180.79909049533308,93,4994.875,46068.0,99,283.878,69
180.89925300702453,93,4994.875,46068.0,99,283.982,69
180.9994499925524,93,4994.875,46068.0,99,284.092,69
181.0996633823961,93,4994.875,46068.0,99,284.263,69
181.19986397214234,93,4994.875,46068.0,99,284.34,69
181.30003085918725,93,4994.875,46068.0,99,284.854,69
181.4002531915903,92,4994.875,46068.0,98,285.382,69
181.50045471265912,92,4994.875,46068.0,98,285.39,69
181.6006757542491,92,4994.875,46068.0,98,285.62,69
181.70087647251785,92,4994.875,46068.0,98,285.737,69
181.80109638161957,92,4994.875,46068.0,99,285.78,69
181.901262300089,92,4994.875,46068.0,99,285.994,69
182.00146824866533,85,4994.875,46068.0,80,274.621,72
182.1016249321401,85,4994.875,46068.0,80,280.147,72
182.20184070430696,94,4994.875,46068.0,83,277.094,69
182.30244801938534,94,4994.875,46068.0,83,276.149,69
182.40264881029725,92,4994.875,46068.0,98,275.871,69
182.5028716120869,92,4994.875,46068.0,98,274.62,69
182.60308816842735,92,4994.875,46068.0,98,274.799,69
182.70325163938105,92,4994.875,46068.0,98,273.705,69
182.80339356139302,92,4994.875,46068.0,98,273.443,69
182.903550285846,92,4994.875,46068.0,98,272.479,69
183.0037752110511,92,4994.875,46068.0,98,271.575,69
183.1040104739368,92,4994.875,46068.0,98,282.161,69
183.20423117093742,93,4994.875,46068.0,99,275.65,69
183.30443084053695,93,4994.875,46068.0,99,277.971,69
183.40463543497026,93,4994.875,46068.0,99,278.013,69
183.50484957545996,93,4994.875,46068.0,99,278.206,69
183.60500714182854,93,4994.875,46068.0,99,278.427,69
183.70515088550746,93,4994.875,46068.0,99,278.449,69
183.80531532131135,93,4994.875,46068.0,99,278.383,69
183.90546050854027,93,4994.875,46068.0,99,278.763,69
184.0055954195559,93,4994.875,46068.0,99,278.94,69
184.10579083114862,93,4994.875,46068.0,99,279.264,69
184.20594972744584,93,4994.875,46068.0,99,279.484,69
184.3061483465135,93,4994.875,46068.0,99,279.758,69
184.4063108470291,92,4994.875,46068.0,98,279.868,69
184.50661755539477,92,4994.875,46068.0,98,280.214,69
184.60682291164994,92,4994.875,46068.0,98,280.485,69
184.70703807286918,92,4994.875,46068.0,98,280.535,69
184.807209469378,92,4994.875,46068.0,98,280.65,69
184.90743592008948,92,4994.875,46068.0,98,281.057,69
185.00763953104615,92,4994.875,46068.0,99,281.216,69
185.1078620031476,92,4994.875,46068.0,99,281.458,69
185.20809600315988,92,4994.875,46068.0,98,282.219,69
185.30830484628677,92,4994.875,46068.0,98,282.248,69
185.40852028690279,92,4994.875,46068.0,99,282.518,69
185.50872567668557,92,4994.875,46068.0,99,282.899,69
185.6089290175587,93,4994.875,46068.0,99,282.981,69
185.70908641256392,93,4994.875,46068.0,99,283.141,69
185.8092842400074,93,4994.875,46068.0,99,283.287,69
185.90950847230852,93,4994.875,46068.0,99,283.568,69
186.00966610759497,93,4994.875,46068.0,99,283.837,69
186.10983769595623,93,4878.875,46068.0,99,284.197,68
186.20999198406935,91,4878.875,46068.0,60,292.145,72
186.31013623066247,91,4878.875,46068.0,60,286.682,69
186.4103082548827,92,4878.875,46068.0,98,285.691,69
186.5105071142316,92,4878.875,46068.0,98,285.03,69
186.6107206325978,92,4878.875,46068.0,98,283.548,69
186.71099291928113,92,4878.875,46068.0,98,283.548,69
186.811313027516,93,4878.875,46068.0,99,282.787,69
186.91331826522946,93,4878.875,46068.0,99,283.22,69
187.01447492465377,93,4878.875,46068.0,99,282.598,69
187.11467641592026,93,4878.875,46068.0,99,282.88,69
187.21483162790537,93,4878.875,46068.0,99,281.986,69
187.31497789546847,93,4878.875,46068.0,99,274.392,69
187.41511593200266,93,4878.875,46068.0,99,279.75,69
187.5153216086328,93,4878.875,46068.0,99,280.215,69
187.61553990468383,93,4878.875,46068.0,99,281.102,69
187.7157403230667,93,4878.875,46068.0,99,281.906,69
187.81589543633163,92,4878.875,46068.0,98,282.48,69
187.9160394091159,92,4878.875,46068.0,98,282.595,69
188.01618113182485,92,4878.875,46068.0,98,282.645,69
188.11637683399022,92,4878.875,46068.0,98,282.583,69
188.21659224666655,92,4878.875,46068.0,98,282.632,69
188.31679841317236,92,4878.875,46068.0,98,282.914,69
188.41701091267169,92,4878.875,46068.0,99,283.078,69
188.51716815494,92,4878.875,46068.0,99,283.266,69
188.61731297150254,92,4878.875,46068.0,98,283.612,69
188.71751166693866,92,4878.875,46068.0,98,283.899,69
188.81771267950535,93,4878.875,46068.0,99,284.103,69
188.91818751767278,93,4878.875,46068.0,99,284.24,69
189.01840471103787,93,4878.875,46068.0,99,284.554,70
189.11861376464367,93,4878.875,46068.0,99,284.945,69
189.21881632693112,93,4878.875,46068.0,99,285.144,70
189.31902088411152,93,4878.875,46068.0,99,285.342,69
189.4191762432456,93,4878.875,46068.0,99,285.612,69
189.5193714555353,93,4878.875,46068.0,99,285.695,70
189.61958904005587,93,4878.875,46068.0,99,285.969,69
189.71980682574213,93,4878.875,46068.0,99,285.79,70
189.82002512179315,92,4878.875,46068.0,99,285.961,69
189.92023408412933,92,4878.875,46068.0,99,286.186,70
190.02043329179287,92,4878.875,46068.0,98,286.314,70
190.12064943648875,92,4884.875,46068.0,98,286.501,71
190.22085644304752,90,4884.875,46068.0,53,292.815,70
190.3210812807083,90,4884.875,46068.0,53,290.146,69
190.4213996566832,93,4884.875,46068.0,99,288.702,69
190.52163108065724,93,4884.875,46068.0,99,287.97,69
190.6218346040696,93,4884.875,46068.0,99,286.575,69
190.72199047729373,93,4884.875,46068.0,99,286.152,69
190.82220396585763,93,4884.875,46068.0,99,285.998,69
190.92241528257728,93,4884.875,46068.0,99,285.87,70
191.02263099327683,93,4884.875,46068.0,99,285.556,69
191.12285930290818,93,4884.875,46068.0,99,284.431,70
191.22301815263927,92,4884.875,46068.0,98,284.249,69
191.32315773889422,92,4884.875,46068.0,98,276.679,70
191.4232981093228,92,4884.875,46068.0,98,279.369,70
191.52350752428174,92,4884.875,46068.0,98,279.766,70
191.62366258352995,92,4884.875,46068.0,98,280.3,70
191.72386215254664,92,4884.875,46068.0,98,280.902,69
191.82403958775103,92,4884.875,46068.0,98,281.27,70
191.92424617521465,92,4884.875,46068.0,98,281.38,69
192.02446002326906,92,4884.875,46068.0,98,281.007,70
192.12466091662645,92,4884.875,46068.0,98,281.194,70
192.22481917217374,92,4884.875,46068.0,99,281.355,70
192.3250176385045,92,4884.875,46068.0,99,281.455,70
192.42538448609412,93,4884.875,46068.0,99,281.807,70
192.525593617931,93,4884.875,46068.0,99,282.028,70
192.62579422816634,93,4884.875,46068.0,99,282.243,70
192.72601329535246,93,4884.875,46068.0,99,282.491,70
192.82622400857508,93,4884.875,46068.0,99,282.596,69
192.92644160427153,93,4884.875,46068.0,99,282.645,70
193.02668121270835,93,4884.875,46068.0,99,282.909,70
193.12683897837996,93,4884.875,46068.0,99,282.727,70
193.22705063410103,92,4884.875,46068.0,99,282.854,70
193.3272213190794,92,4884.875,46068.0,99,283.075,70
193.42741867154837,92,4884.875,46068.0,99,283.387,70
193.52763549610972,92,4884.875,46068.0,99,283.475,70
193.62785522453487,92,4884.875,46068.0,98,283.69,70
193.72815128788352,92,4884.875,46068.0,98,283.844,70
193.828368159011,92,4884.875,46068.0,98,283.966,70
193.92857027240098,92,4884.875,46068.0,98,284.23,70
194.02877335622907,92,4884.875,46068.0,98,284.57,70
194.12923770025373,92,4884.875,46068.0,98,284.736,70
194.22945445403457,92,4884.875,46068.0,98,285.507,70
194.3296579476446,92,4884.875,46068.0,98,285.794,70
194.42983979918063,92,4926.875,46068.0,99,285.738,69
194.53004499524832,92,4926.875,46068.0,99,293.543,73
194.63026560470462,97,4926.875,46068.0,70,289.956,70
194.73047928325832,97,4926.875,46068.0,70,288.341,70
194.8306344151497,92,4926.875,46068.0,98,288.098,70
194.9308304991573,92,4926.875,46068.0,98,286.737,70
195.03098623268306,92,4926.875,46068.0,98,286.484,70
195.13113064691424,92,4926.875,46068.0,98,285.462,70
195.23133249767125,92,4926.875,46068.0,98,285.495,70
195.3315477091819,92,4926.875,46068.0,98,284.851,70
195.43176313117146,92,4926.875,46068.0,99,284.886,70
195.53196425177157,92,4926.875,46068.0,99,285.007,70
195.63212624378502,92,4926.875,46068.0,98,276.718,70
195.73227893933654,92,4926.875,46068.0,98,280.498,70
195.83243291266263,93,4926.875,46068.0,99,281.32,70
195.9327143225819,93,4926.875,46068.0,99,282.007,70
196.03288390301168,93,4926.875,46068.0,99,282.608,70
196.133095651865,93,4926.875,46068.0,99,283.026,70
196.23326139710844,93,4926.875,46068.0,99,283.108,70
196.3334584645927,93,4926.875,46068.0,99,283.28,70
196.43367885239422,93,4926.875,46068.0,99,283.554,70
196.53383568488061,93,4926.875,46068.0,99,283.678,70
196.6339898556471,93,4926.875,46068.0,99,283.877,70
196.73418429493904,93,4926.875,46068.0,99,283.557,70
196.83440409600735,92,4926.875,46068.0,98,283.905,70
196.93462357111275,92,4926.875,46068.0,98,284.06,70
197.0348275564611,92,4926.875,46068.0,99,284.148,70
197.13498415239155,92,4926.875,46068.0,99,284.34,70
197.23512770421803,92,4926.875,46068.0,99,284.529,70
197.33553383126855,92,4926.875,46068.0,99,284.894,70
197.43567411974072,92,4926.875,46068.0,98,285.035,70
197.53586825169623,92,4926.875,46068.0,98,285.03,70
197.63608568534255,92,4926.875,46068.0,98,284.929,70
197.7362947780639,92,4926.875,46068.0,98,285.32,70
197.8365092780441,92,4926.875,46068.0,99,285.651,70
197.936726892367,92,4926.875,46068.0,99,285.798,70
198.0369065925479,93,4926.875,46068.0,99,285.974,70
198.13710890337825,93,4926.875,46068.0,99,286.216,70
198.23733513243496,93,4926.875,46068.0,99,286.454,70
198.3375539779663,93,4926.875,46068.0,99,286.723,70
198.43775843456388,93,4926.875,46068.0,99,286.833,70
198.53791595995426,93,4926.875,46068.0,99,286.991,70
198.63805817253888,93,4926.875,46068.0,99,287.455,70
198.73820929601789,93,4926.875,46068.0,99,286.961,70
198.83837328106165,92,4926.875,46068.0,99,286.983,70
198.9384872522205,92,4472.875,46068.0,99,286.999,70
199.0386250950396,86,4808.875,46068.0,82,276.318,73
199.13876332342625,86,4808.875,46068.0,82,278.545,70
199.23895681090653,93,4808.875,46068.0,98,274.71,70
199.33917281590402,93,4808.875,46068.0,98,274.516,70
199.43933065235615,93,4808.875,46068.0,99,272.592,70
199.53954481892288,93,4808.875,46068.0,99,271.755,70
199.63990224339068,93,4808.875,46068.0,99,270.633,70
199.74012794159353,93,4808.875,46068.0,99,270.148,70
199.84034794010222,93,4808.875,46068.0,99,269.68,70
199.94056109897792,93,4808.875,46068.0,99,269.251,70
200.04076142795384,93,4808.875,46068.0,99,269.047,70
200.1409630086273,93,4808.875,46068.0,99,278.651,70
200.24113338440657,93,4808.875,46068.0,99,275.251,70
200.3412885442376,93,4808.875,46068.0,99,277.893,70
200.44150110147893,92,4808.875,46068.0,98,278.69,70
200.5417209006846,92,4808.875,46068.0,98,279.401,70
200.6418790165335,92,4808.875,46068.0,98,280.182,70
200.74209099262953,92,4808.875,46068.0,98,280.227,70
200.84225627966225,92,4808.875,46068.0,98,280.41,70
200.94246572442353,92,4808.875,46068.0,98,280.691,70
201.04266952723265,92,4808.875,46068.0,98,280.937,70
201.14330684021115,92,4808.875,46068.0,98,281.157,70
201.24350623600185,92,4808.875,46068.0,98,282.069,70
201.34372297115624,92,4808.875,46068.0,98,282.179,70
201.44387914426625,92,4808.875,46068.0,98,282.63,70
201.5440794043243,92,4808.875,46068.0,98,283.109,70
201.64463062770665,93,4808.875,46068.0,99,283.149,70
201.74483273737133,93,4808.875,46068.0,99,283.199,70
201.8450356926769,93,4808.875,46068.0,99,283.336,70
201.94524154812098,93,4808.875,46068.0,99,283.5,70
202.04545438848436,93,4808.875,46068.0,99,283.675,70
202.14690353162587,93,4808.875,46068.0,99,283.868,70
202.24710234999657,93,4808.875,46068.0,99,283.858,70
202.34726349264383,93,4808.875,46068.0,99,283.984,70
202.4474067837,93,4808.875,46068.0,99,284.245,70
202.54760353825986,93,4808.875,46068.0,99,284.413,70
202.647821623832,92,4808.875,46068.0,98,284.387,70
202.7479787375778,92,4808.875,46068.0,98,284.628,70
202.8483235836029,92,4808.875,46068.0,98,284.832,70
202.94853582046926,92,4808.875,46068.0,98,285.202,70
203.04875122196972,92,4808.875,46068.0,98,285.471,70
203.15118093416095,92,4424.875,46068.0,98,285.532,70
203.25140442699194,92,4994.875,46068.0,96,285.611,72
203.3516221717,92,4994.875,46068.0,96,292.212,73
203.45183705352247,95,4994.875,46068.0,78,288.231,70
203.5523673351854,95,4994.875,46068.0,78,287.336,70
203.6525736246258,92,4994.875,46068.0,98,287.443,70
203.75278946757317,92,4994.875,46068.0,98,286.523,70
203.85300869494677,92,4994.875,46068.0,98,286.925,70
203.9532527886331,92,4994.875,46068.0,98,286.457,70
204.0534840952605,92,4994.875,46068.0,98,286.688,70
204.15368961170316,92,4994.875,46068.0,98,286.138,70
204.253860225901,92,4994.875,46068.0,98,285.775,70
204.3540724311024,92,4994.875,46068.0,98,285.339,70
204.454245172441,93,4994.875,46068.0,99,278.822,70
204.5543883163482,93,4994.875,46068.0,99,282.364,70
204.65462187118828,93,4994.875,46068.0,99,283.087,70
204.7548254877329,93,4994.875,46068.0,99,283.621,70
204.85502805002034,93,4994.875,46068.0,99,284.392,70
204.95525234378874,93,4994.875,46068.0,99,284.845,70
205.05546985939145,93,4994.875,46068.0,99,284.977,70
205.15562767535448,93,4994.875,46068.0,99,284.81,70
205.2558261025697,93,4994.875,46068.0,99,285.047,70
205.35598406754434,93,4994.875,46068.0,99,285.387,70
205.45624989643693,92,4994.875,46068.0,98,285.69,70
205.55646871961653,92,4994.875,46068.0,98,285.883,70
205.6566836219281,92,4994.875,46068.0,98,286.104,70
205.75690053589642,92,4994.875,46068.0,98,286.154,70
205.85712119564414,92,4994.875,46068.0,98,286.242,70
205.95732541196048,92,4994.875,46068.0,98,286.287,70
206.0575406011194,92,4994.875,46068.0,98,286.288,70
206.1580872796476,92,4994.875,46068.0,98,286.552,70
206.25826396420598,92,4994.875,46068.0,99,287.252,71
206.35845955647528,92,4994.875,46068.0,99,287.351,70
206.45865751244128,92,4994.875,46068.0,98,287.335,71
206.55886875651777,92,4994.875,46068.0,98,287.421,71
206.65902174450457,93,4994.875,46068.0,99,287.674,71
206.75922326371074,93,4994.875,46068.0,99,287.74,71
206.85957134328783,93,4994.875,46068.0,99,288.002,71
206.95977239497006,93,4994.875,46068.0,99,288.253,71
207.05998664349318,93,4994.875,46068.0,99,288.539,70
207.1602052617818,93,4994.875,46068.0,99,288.874,71
207.26044641248882,93,4994.875,46068.0,99,289.006,71
207.36066998541355,93,4994.875,46068.0,99,288.901,71
207.4608833435923,93,4994.875,46068.0,99,289.232,71
207.56111783534288,93,4962.875,46068.0,99,289.392,71
207.66197093948722,92,4986.875,46068.0,98,289.581,69
207.76218921504915,92,4986.875,46068.0,98,297.439,74
207.86245668306947,97,4986.875,46068.0,69,293.609,70
207.96261421218514,97,4986.875,46068.0,69,292.452,71
208.0628221910447,92,4986.875,46068.0,98,291.653,71
208.1630365718156,92,4986.875,46068.0,98,290.736,71
208.26319388486445,92,4986.875,46068.0,98,289.692,71
208.3633373491466,92,4986.875,46068.0,98,289.261,71
208.46353619545698,93,4986.875,46068.0,99,288.151,71
208.5637164451182,93,4986.875,46068.0,99,287.65,71
208.66385878808796,93,4986.875,46068.0,99,287.424,71
208.76399606466293,93,4986.875,46068.0,99,287.264,71
208.86419492028654,93,4986.875,46068.0,99,279.21,71
208.9644127562642,93,4986.875,46068.0,99,282.981,71
209.06461670063436,93,4986.875,46068.0,99,283.891,71
209.1647689472884,93,4986.875,46068.0,99,284.487,71
209.2651752755046,93,4986.875,46068.0,99,285.135,71
209.36539844796062,93,4986.875,46068.0,99,285.037,71
209.46560052968562,92,4986.875,46068.0,99,285.374,71
209.5658058486879,92,4986.875,46068.0,99,285.599,71
209.66610494442284,92,4986.875,46068.0,98,285.923,71
209.76634781621397,92,4986.875,46068.0,98,286.188,71
209.86656430736184,92,4986.875,46068.0,99,286.461,71
209.96679984033108,92,4986.875,46068.0,99,286.803,71
210.0670171249658,92,4986.875,46068.0,98,286.94,71
210.1672434732318,92,4986.875,46068.0,98,287.194,71
210.2674619294703,92,4986.875,46068.0,98,286.584,71
210.36771442741156,92,4986.875,46068.0,98,287.008,71
210.4679389614612,93,4986.875,46068.0,99,287.163,71
210.56809645704925,93,4986.875,46068.0,99,287.502,71
210.66824442707002,93,4986.875,46068.0,99,287.612,71
210.76838094182312,93,4986.875,46068.0,99,287.656,71
210.8685926385224,93,4986.875,46068.0,99,287.684,71
210.96880132891238,93,4986.875,46068.0,99,287.584,71
211.06900396198034,93,4986.875,46068.0,99,287.77,71
211.169171564281,93,4986.875,46068.0,99,287.99,71
211.26936862803996,93,4986.875,46068.0,99,288.21,71
211.36958587914705,93,4986.875,46068.0,99,288.77,71
211.46974160335958,92,4986.875,46068.0,99,288.907,71
211.56993836723268,92,4986.875,46068.0,99,289.022,71
211.67009298689663,92,4986.875,46068.0,98,289.142,71
211.77029593102634,92,4986.875,46068.0,98,289.423,71
211.8705562595278,92,4986.875,46068.0,98,289.628,71
211.97077212296426,92,5098.875,46068.0,98,289.989,71
212.07099108025432,85,5098.875,46068.0,74,290.904,74
212.1711465921253,85,5098.875,46068.0,74,296.228,71
212.27136035263538,93,5098.875,46068.0,90,293.035,71
212.37159535102546,93,5098.875,46068.0,90,292.416,71
212.47181199491024,93,5098.875,46068.0,99,291.696,71
212.57197639159858,93,5098.875,46068.0,99,290.133,71
212.67217902466655,92,5098.875,46068.0,98,290.221,71
212.77240996807814,92,5098.875,46068.0,98,289.106,71
212.87262462824583,92,5098.875,46068.0,98,289.172,71
212.97282962314785,92,5098.875,46068.0,98,288.303,71
213.07309337891638,92,5098.875,46068.0,99,288.396,71
213.1734369918704,92,5098.875,46068.0,99,286.829,71
213.27365512773395,92,5098.875,46068.0,99,281.642,71
213.37387223169208,92,5098.875,46068.0,99,284.124,71
213.47408927604556,92,5098.875,46068.0,98,284.122,71
213.57431435212493,92,5098.875,46068.0,98,284.675,71
213.67453370057046,93,5098.875,46068.0,99,285.324,71
213.77478387393057,93,5098.875,46068.0,99,285.698,71
213.87516214698553,93,5098.875,46068.0,99,285.78,71
213.9753208849579,93,5098.875,46068.0,99,285.922,71
214.07551944442093,93,5098.875,46068.0,99,286.156,71
214.17572312802076,93,5098.875,46068.0,99,286.218,71
214.27592560835183,93,5098.875,46068.0,99,286.441,71
214.37614692933857,93,5098.875,46068.0,99,286.732,71
214.47638215124607,93,5098.875,46068.0,99,286.922,71
214.5766177829355,93,5098.875,46068.0,99,287.42,71
214.67683490738273,92,5098.875,46068.0,99,287.482,71
214.77704964764416,92,5098.875,46068.0,99,287.658,71
214.87727407179773,92,5098.875,46068.0,99,287.878,71
214.97748083248734,92,5098.875,46068.0,99,288.264,71
215.07771467231214,92,5098.875,46068.0,98,288.621,71
215.1779354121536,92,5098.875,46068.0,98,288.662,71
215.2780892904848,92,5098.875,46068.0,98,288.911,71
215.37830998003483,92,5098.875,46068.0,98,289.136,71
215.47854377888143,92,5098.875,46068.0,98,289.17,71
215.57876476831734,92,5098.875,46068.0,98,289.245,71
215.6789974551648,92,5098.875,46068.0,98,289.05,71
215.77925953827798,92,5098.875,46068.0,98,289.298,71
215.87946372292936,93,5098.875,46068.0,99,289.722,71
215.97967344522476,93,5098.875,46068.0,99,289.86,71
216.08179441653192,93,5098.875,46068.0,99,289.969,71
216.1820291876793,93,4898.875,46068.0,99,290.031,71
216.28225177899003,88,4898.875,46068.0,68,296.663,74
216.38245295919478,88,4898.875,46068.0,68,293.973,71
216.48266622051597,93,4898.875,46068.0,99,292.601,71
216.58288327232003,93,4898.875,46068.0,99,291.719,71
216.68303974717855,93,4898.875,46068.0,99,290.75,71
216.7850297819823,93,4898.875,46068.0,99,289.722,71
216.88556681387126,92,4898.875,46068.0,99,288.94,71
216.98578656092286,92,4898.875,46068.0,99,288.047,71
217.08812549896538,92,4898.875,46068.0,98,287.204,71
217.18833856843412,92,4898.875,46068.0,98,286.679,71
217.288543343544,92,4898.875,46068.0,98,286.162,71
217.3886992353946,92,4898.875,46068.0,98,279.188,71
217.48884122818708,92,4898.875,46068.0,98,281.509,71
217.5891239196062,92,4898.875,46068.0,98,282.271,71
217.6893343143165,92,4898.875,46068.0,98,282.455,71
217.78953656554222,92,4898.875,46068.0,98,283.035,71
217.8897388074547,92,4898.875,46068.0,98,283.57,71
217.98995872586966,92,4898.875,46068.0,98,283.809,71
218.09018192999065,93,4898.875,46068.0,99,283.908,71
218.19040493108332,93,4898.875,46068.0,99,284.024,71
218.29089706763625,93,4898.875,46068.0,99,284.087,71
218.39137383922935,93,4898.875,46068.0,99,284.207,71
218.49159202724695,93,4898.875,46068.0,99,284.268,71
218.59181300736964,93,4898.875,46068.0,99,284.344,71
218.69203434698284,93,4898.875,46068.0,99,284.509,71
218.79218959994614,93,4898.875,46068.0,99,284.856,71
218.8923354074359,93,4898.875,46068.0,99,285.046,71
218.99253646843135,93,4898.875,46068.0,99,285.107,71
219.09267361089587,92,4898.875,46068.0,98,285.37,71
219.19288568757474,92,4898.875,46068.0,98,285.563,71
219.2930879406631,92,4898.875,46068.0,98,285.805,71
219.39331691898406,92,4898.875,46068.0,98,285.888,71
219.49353710375726,92,4898.875,46068.0,99,285.959,71
219.59375544823706,92,4898.875,46068.0,99,286.259,71
219.69398521631956,92,4898.875,46068.0,98,286.321,71
219.79420488886535,92,4898.875,46068.0,98,286.545,71
219.89441519230604,92,4898.875,46068.0,99,286.92,71
219.99461833946407,92,4898.875,46068.0,99,287.08,71
220.09483722411096,92,4898.875,46068.0,98,287.895,71
220.19504093192518,92,5030.875,46068.0,98,288.063,71
220.2952702715993,93,5030.875,46068.0,99,288.276,73
220.3954897467047,93,5030.875,46068.0,99,294.215,74
220.49571043252945,95,5030.875,46068.0,78,290.297,71
220.59593401104212,95,5030.875,46068.0,78,289.426,71
220.69615642912686,93,5030.875,46068.0,99,288.399,71
220.79637320898473,93,5030.875,46068.0,99,287.632,71
220.89659239165485,93,5030.875,46068.0,99,287.034,71
220.9968110062182,93,5030.875,46068.0,99,286.416,71
221.0970295984298,93,5030.875,46068.0,99,285.746,71
221.19726053997874,93,5030.875,46068.0,99,285.576,71
221.2974755652249,93,5030.875,46068.0,99,285.042,71
221.39769376814365,93,5030.875,46068.0,99,284.822,71
221.49784891493618,93,5030.875,46068.0,99,278.613,71
221.59804528579116,93,5030.875,46068.0,99,282.356,71
221.6982706785202,92,5030.875,46068.0,99,283.067,71
221.79875295609236,92,5030.875,46068.0,99,283.63,71
221.8989709559828,92,5030.875,46068.0,99,284.225,71
221.99919065088034,92,5030.875,46068.0,99,284.382,71
222.0993490125984,92,5030.875,46068.0,98,284.608,71
222.19954695552588,92,5030.875,46068.0,98,285.003,71
222.2997665796429,92,5030.875,46068.0,99,285.196,71
222.39998511224985,92,5030.875,46068.0,99,285.377,71
222.50022947229445,92,5030.875,46068.0,98,285.51,71
222.60044813528657,92,5030.875,46068.0,98,285.736,71
222.70066588558257,93,5030.875,46068.0,99,285.808,71
222.80088334716856,93,5030.875,46068.0,99,285.935,71
222.9011043831706,93,5030.875,46068.0,99,286.101,71
223.0013829357922,93,5030.875,46068.0,99,286.277,71
223.10158656537533,93,5030.875,46068.0,99,286.629,71
223.2019243966788,93,5030.875,46068.0,99,286.783,71
223.3021585624665,93,5030.875,46068.0,99,287.053,71
223.40231288038194,93,5030.875,46068.0,99,287.3,71
223.50252887792885,93,5030.875,46068.0,99,287.494,71
223.6026846859604,93,5030.875,46068.0,99,287.56,71
223.7031792923808,92,5030.875,46068.0,98,287.741,71
223.8034135363996,92,5030.875,46068.0,98,288.112,71
223.90364466793835,92,5030.875,46068.0,98,288.36,71
224.0038647837937,92,5030.875,46068.0,98,288.806,71
224.1040222365409,92,5030.875,46068.0,99,289.176,71
224.20416259020567,92,5030.875,46068.0,99,289.331,71
224.30430010147393,92,5030.875,46068.0,98,289.657,71
224.40453443862498,92,5030.875,46068.0,98,289.844,72
224.50474047102034,92,5030.875,46068.0,98,289.244,71
224.60495849139988,92,5030.875,46068.0,98,289.645,71
224.705166189,92,4912.875,46068.0,99,289.844,72
224.80539737269282,92,4912.875,46068.0,99,290.17,73
224.90561884827912,90,4912.875,46068.0,48,296.644,75
225.00586881488562,90,4912.875,46068.0,48,293.104,71
225.10606959089637,92,4912.875,46068.0,98,292.48,71
225.20629361458123,92,4912.875,46068.0,98,290.809,71
225.30651127547026,92,4912.875,46068.0,98,289.565,71
225.40673301182687,92,4912.875,46068.0,98,288.517,71
225.5070421602577,93,4912.875,46068.0,99,287.241,71
225.60727214068174,93,4912.875,46068.0,99,286.862,71
225.70747504755855,93,4912.875,46068.0,99,285.512,71
225.80769150704145,93,4912.875,46068.0,99,285.402,71
225.90791184455156,93,4912.875,46068.0,99,284.294,71
226.00813081488013,93,4912.875,46068.0,99,277.85,71
226.1083560883999,93,4912.875,46068.0,99,280.385,71
226.20858394540846,93,4912.875,46068.0,99,281.008,71
226.30880112573504,93,4912.875,46068.0,99,281.587,71
226.40901931747794,93,4912.875,46068.0,99,282.005,71
226.5092481765896,92,4912.875,46068.0,99,282.104,71
226.60946555621922,92,4912.875,46068.0,99,282.339,71
226.7097008842975,92,4912.875,46068.0,98,282.696,71
226.8099170513451,92,4912.875,46068.0,98,282.983,71
226.91014937497675,92,4912.875,46068.0,98,283.224,71
227.01035699248314,92,4912.875,46068.0,98,283.192,71
227.11051036790013,92,4912.875,46068.0,98,283.302,71
227.21070905029774,92,4912.875,46068.0,98,283.52,71
227.3108611125499,92,4912.875,46068.0,98,283.619,71
227.4110758304596,92,4912.875,46068.0,98,283.713,71
227.5113025959581,92,4912.875,46068.0,98,284.371,71
227.61153090186417,92,4912.875,46068.0,98,284.674,71
227.71173306927085,92,4912.875,46068.0,99,284.742,71
227.81195185147226,92,4912.875,46068.0,99,284.77,71
227.9121717158705,93,4912.875,46068.0,99,284.795,72
228.01239285431802,93,4912.875,46068.0,99,284.905,71
228.11261427216232,93,4912.875,46068.0,99,285.246,72
228.21283497661352,93,4912.875,46068.0,99,285.606,71
228.3130905330181,93,4912.875,46068.0,99,285.6,72
228.41331991180778,93,4912.875,46068.0,99,285.711,71
228.513475459069,93,4912.875,46068.0,99,285.92,71
228.61369104869664,93,4912.875,46068.0,99,286.082,72
228.71390788070858,93,4912.875,46068.0,99,286.209,71
228.81406144425273,93,4912.875,46068.0,99,286.577,72
228.91430063731968,92,4912.875,46068.0,98,286.919,71
229.01453953236341,92,4912.875,46068.0,98,287.017,72
229.11471663229167,92,4536.875,46068.0,98,287.111,72
229.2149521075189,92,5024.875,46068.0,98,287.089,72
229.31517519801855,84,5024.875,46068.0,80,275.903,74
229.41539186798036,84,5024.875,46068.0,80,280.895,72
229.51594949513674,93,5024.875,46068.0,87,278.263,72
229.616171233356,93,5024.875,46068.0,87,277.448,71
229.71637179888785,92,5024.875,46068.0,98,276.665,71
229.8165710438043,92,5024.875,46068.0,98,275.867,71
229.91678858362138,92,5024.875,46068.0,99,275.282,72
230.01701063103974,92,5024.875,46068.0,99,274.807,71
230.11723748780787,93,5024.875,46068.0,99,274.31,72
230.21746204793453,93,5024.875,46068.0,99,273.947,72
230.31768270395696,93,5024.875,46068.0,99,273.512,72
230.41789923422039,93,5024.875,46068.0,99,284.278,72
230.5181189980358,93,5024.875,46068.0,99,279.286,71
230.61834691651165,93,5024.875,46068.0,99,281.586,72
230.718566108495,93,5024.875,46068.0,99,282.202,71
230.8187827784568,93,5024.875,46068.0,99,282.214,72
230.9190038945526,92,5024.875,46068.0,99,282.65,72
231.0192306805402,92,5024.875,46068.0,99,282.821,72
231.11944844014943,92,5024.875,46068.0,98,282.925,72
231.21966996788979,92,5024.875,46068.0,98,283.371,72
231.31987310759723,92,5024.875,46068.0,98,283.723,72
231.42017902061343,92,5024.875,46068.0,98,284.043,71
231.52039845101535,92,5024.875,46068.0,99,284.389,72
231.62061854824424,92,5024.875,46068.0,99,284.543,71
231.7207725737244,92,5024.875,46068.0,99,284.824,72
231.8209677617997,92,5024.875,46068.0,99,284.901,72
231.92112307995558,92,5024.875,46068.0,98,285.373,72
232.02126795239747,92,5024.875,46068.0,98,285.581,72
232.12154582329094,93,5024.875,46068.0,99,286.289,72
232.22178181260824,93,5024.875,46068.0,99,286.289,72
232.3220005556941,93,5024.875,46068.0,99,286.273,72
232.42223042435944,93,5024.875,46068.0,99,286.432,72
232.5224497485906,93,5024.875,46068.0,99,286.498,72
232.622667260468,93,5024.875,46068.0,99,286.653,72
232.72288588248193,93,5024.875,46068.0,99,286.685,72
232.82310304231942,93,5024.875,46068.0,99,286.807,72
232.9233312997967,93,5024.875,46068.0,99,287.591,72
233.02359548024833,93,5024.875,46068.0,99,287.669,72
233.1238127592951,93,5024.875,46068.0,99,287.777,72
233.22403190284967,92,5024.875,46068.0,99,287.783,72
233.3242575675249,92,5024.875,46068.0,99,287.859,72
233.42447441630065,92,5024.875,46068.0,98,288.123,72
233.52469401992857,92,5024.875,46068.0,98,288.062,72
233.62491302378476,92,5024.875,46068.0,98,288.141,72
233.72509534098208,92,4986.875,46068.0,98,288.163,72
233.8253393433988,85,4986.875,46068.0,70,292.946,74
233.92550013959408,85,4986.875,46068.0,70,297.701,72
234.02571648731828,92,4986.875,46068.0,93,295.696,72
234.12593893520534,92,4986.875,46068.0,93,294.719,72
234.22617479600012,92,4986.875,46068.0,98,294.615,72
234.32639114372432,92,4986.875,46068.0,98,293.695,72
234.42660943605006,92,4986.875,46068.0,98,294.427,72
234.52683190442622,92,4986.875,46068.0,98,293.7,72
234.62705186009407,92,4986.875,46068.0,99,294.23,72
234.72730665653944,92,4986.875,46068.0,99,293.629,72
234.8275383785367,92,4986.875,46068.0,98,293.178,72
234.92777180299163,92,4986.875,46068.0,98,288.195,72
235.02797728590667,92,4986.875,46068.0,99,283.027,72
235.128195008263,92,4986.875,46068.0,99,284.714,72
235.22841360978782,93,4986.875,46068.0,99,285.183,72
235.32867668010294,93,4986.875,46068.0,99,286.213,72
235.42889960855246,93,4986.875,46068.0,99,286.263,72
235.52912001125515,93,4986.875,46068.0,99,286.468,72
235.62934592552483,93,4986.875,46068.0,99,286.727,72
235.72956202365458,93,4986.875,46068.0,99,286.975,72
235.82977914623916,93,4986.875,46068.0,99,287.766,72
235.92999828793108,93,4986.875,46068.0,99,287.977,72
236.0302498191595,92,4986.875,46068.0,99,288.073,72
236.13047088868916,92,4986.875,46068.0,99,288.215,72
236.2306875679642,92,4986.875,46068.0,98,288.623,72
236.33090799115598,92,4986.875,46068.0,98,288.942,72
236.43110174685717,92,4986.875,46068.0,98,289.058,72
236.53132507577538,92,4986.875,46068.0,98,289.147,72
236.63154095597565,92,4986.875,46068.0,98,289.383,72
236.73204253986478,92,4986.875,46068.0,98,289.472,72
236.83226867578924,92,4986.875,46068.0,98,289.51,72
236.93248612619936,92,4986.875,46068.0,98,289.448,72
237.03268768452108,92,4986.875,46068.0,98,289.673,72
237.13290496356785,92,4986.875,46068.0,98,289.853,72
237.23313101567328,92,4986.875,46068.0,98,289.914,72
237.3333586845547,92,4986.875,46068.0,98,289.953,72
237.43382017686963,93,4986.875,46068.0,99,290.169,72
237.53405558504164,93,4986.875,46068.0,99,290.433,72
237.63427982851863,93,4986.875,46068.0,99,290.748,72
237.7345174178481,93,4986.875,46068.0,99,290.678,72
237.8347364719957,93,4986.875,46068.0,99,290.78,72
237.9349061921239,93,4926.875,46068.0,99,278.91,72
238.0351470950991,86,4926.875,46068.0,79,283.888,75
238.13531782850623,86,4926.875,46068.0,79,281.208,72
238.23553663119674,93,4926.875,46068.0,89,280.415,72
238.33575170859694,93,4926.875,46068.0,89,279.493,72
238.43595435097814,92,4926.875,46068.0,98,278.325,72
238.53617421351373,92,4926.875,46068.0,98,277.4,72
238.6364002637565,92,4926.875,46068.0,98,276.668,72
238.7366201132536,92,4926.875,46068.0,98,275.945,72
238.83684491179883,92,4926.875,46068.0,98,275.509,72
238.93706495128572,92,4926.875,46068.0,98,274.876,72
239.03729174286127,93,4926.875,46068.0,99,286.406,72
239.1374937556684,93,4926.875,46068.0,99,281.439,72
239.23769777454436,93,4926.875,46068.0,99,283.464,72
239.33791782334447,93,4926.875,46068.0,99,284.058,72
239.43815401010215,92,4926.875,46068.0,99,284.587,72
239.53837386891246,92,4926.875,46068.0,99,285.16,72
239.6386455669999,92,4926.875,46068.0,98,285.491,72
239.7388013433665,92,4926.875,46068.0,98,285.695,72
239.83898750320077,92,4926.875,46068.0,98,285.897,72
239.9392073713243,92,4926.875,46068.0,98,285.833,72
240.03944083303213,92,4926.875,46068.0,98,285.927,72
240.13965985365212,92,4926.875,46068.0,98,285.905,72
240.2399229388684,92,4926.875,46068.0,98,285.885,72
240.34016231819987,92,4926.875,46068.0,98,285.972,72
240.440396130085,92,4926.875,46068.0,98,286.926,72
240.5406336672604,92,4926.875,46068.0,98,287.048,72
240.64084919914603,92,4926.875,46068.0,99,287.33,72
240.7410703431815,92,4926.875,46068.0,99,287.506,72
240.84129298850894,93,4926.875,46068.0,99,287.5,72
240.94145261868834,93,4926.875,46068.0,99,287.545,72
241.04166940413415,93,4926.875,46068.0,99,287.76,72
241.14193291962147,93,4926.875,46068.0,99,288.046,72
241.24214942380786,93,4926.875,46068.0,99,288.282,72
241.34232472069561,93,4892.875,46068.0,99,277.025,72
241.44254030287266,100,4892.875,46068.0,59,283.049,75
241.5427481662482,100,4892.875,46068.0,59,280.309,72
241.64296487160027,92,4892.875,46068.0,98,279.675,72
241.74318460188806,92,4892.875,46068.0,98,278.748,72
241.84340034611523,92,4892.875,46068.0,98,277.854,72
241.94361793249846,92,4892.875,46068.0,98,277.628,72
242.04383684135973,92,4892.875,46068.0,98,277.287,72
242.1442403960973,92,4892.875,46068.0,98,276.934,72
242.244463711977,92,4892.875,46068.0,98,276.577,72
242.34468070045114,92,4892.875,46068.0,98,276.235,72
242.44489816576242,92,4892.875,46068.0,98,286.872,72
242.54511641338468,92,4892.875,46068.0,98,280.75,72
242.64534374512732,92,4892.875,46068.0,99,282.306,72
242.74556452780962,92,4892.875,46068.0,99,282.713,72
242.84576262533665,93,4892.875,46068.0,99,283.506,72
242.9460144545883,93,4892.875,46068.0,99,284.31,72
243.04625419341028,93,4892.875,46068.0,99,284.509,72
243.14660157635808,93,4892.875,46068.0,99,284.718,72
243.2467735633254,93,4892.875,46068.0,99,284.982,72
243.34699252434075,93,4892.875,46068.0,99,285.097,72
243.44722218811512,93,4892.875,46068.0,99,285.351,72
243.54744555428624,93,4892.875,46068.0,99,286.002,72
243.647735780105,93,4892.875,46068.0,99,286.117,72
243.7479556389153,93,4892.875,46068.0,99,286.282,72
243.84817253611982,92,4892.875,46068.0,98,286.546,72
243.9483912549913,92,4892.875,46068.0,98,286.553,72
244.04888993129134,92,4892.875,46068.0,98,286.62,72
244.14925369806588,92,4892.875,46068.0,98,286.779,72
244.2494720350951,92,4892.875,46068.0,98,286.889,72
244.34967435896397,92,4892.875,46068.0,98,287.12,72
244.44989416003227,92,4892.875,46068.0,98,287.284,72
244.55011318065226,92,4892.875,46068.0,98,287.334,72
244.65034093149006,92,4892.875,46068.0,98,286.86,72
244.75055833905935,92,4892.875,46068.0,98,287.075,72
244.8507754150778,92,4892.875,46068.0,99,287.328,72
244.95097750984132,92,4892.875,46068.0,99,287.477,72
245.05119622685015,93,4892.875,46068.0,99,287.554,72
245.1517668236047,93,4892.875,46068.0,99,287.581,72
245.25207018852234,93,4892.875,46068.0,99,287.868,72
245.35229736939073,93,4892.875,46068.0,99,288.265,72
245.45251553691924,93,4892.875,46068.0,99,288.237,72
245.55273593962193,93,4892.875,46068.0,99,288.448,72
245.65291451849043,93,4530.875,46068.0,99,288.773,72
245.75316014699638,93,4878.875,46068.0,99,296.719,70
245.85339623130858,95,4878.875,46068.0,79,291.782,75
245.95360305160284,95,4878.875,46068.0,79,291.617,72
246.05383522249758,93,4878.875,46068.0,99,290.443,72
246.15441218577325,93,4878.875,46068.0,99,290.372,72
246.25467672385275,93,4878.875,46068.0,99,289.595,72
246.354896184057,93,4878.875,46068.0,99,289.573,72
246.45511504262686,93,4878.875,46068.0,99,288.581,72
246.5553383976221,93,4878.875,46068.0,99,287.788,72
246.65555714815855,92,4878.875,46068.0,98,286.95,72
246.7557785399258,92,4878.875,46068.0,98,285.848,72
246.85824728384614,92,4878.875,46068.0,98,277.926,72
246.96086232364178,92,4878.875,46068.0,98,282.207,72
247.06163988821208,92,4878.875,46068.0,98,282.649,72
247.1618580762297,92,4878.875,46068.0,98,283.118,72
247.26207926869392,92,4878.875,46068.0,98,283.778,72
247.36230186372995,92,4878.875,46068.0,98,283.86,72
247.46255587600172,92,4878.875,46068.0,98,283.982,72
247.56277106702328,92,4878.875,46068.0,98,284.153,72
247.66298393905163,92,4878.875,46068.0,98,284.993,72
247.7631988208741,92,4878.875,46068.0,98,285.258,72
247.86342709511518,93,4878.875,46068.0,99,285.55,72
247.96363081224263,93,4878.875,46068.0,99,285.809,72
248.06384962052107,93,4878.875,46068.0,99,285.749,72
248.16409987583756,93,4878.875,46068.0,99,285.842,72
248.2643292117864,93,4878.875,46068.0,99,286.039,72
248.36454650759697,93,4878.875,46068.0,99,286.202,72
248.464747287333,93,4878.875,46068.0,99,286.412,72
248.56496545486152,93,4878.875,46068.0,99,286.643,72
248.6651644874364,93,4878.875,46068.0,99,286.742,72
248.76537860743701,93,4878.875,46068.0,99,286.492,72
248.86562938429415,93,4878.875,46068.0,99,286.646,72
248.96586468815804,93,4878.875,46068.0,99,286.706,72
249.06608023121953,92,4878.875,46068.0,98,286.684,72
249.16657712869346,92,4878.875,46068.0,98,287.08,72
249.26679245196283,92,4878.875,46068.0,98,287.45,72
249.36701240204275,92,4878.875,46068.0,98,287.516,72
249.46723698824644,92,4878.875,46068.0,98,287.699,72
249.56757449544966,92,4878.875,46068.0,98,287.892,72
249.66779197193682,92,4878.875,46068.0,98,288.038,72
249.767987748608,92,4878.875,46068.0,98,288.302,72
249.86820790730417,92,4878.875,46068.0,98,289.114,72
249.96843967586756,92,4878.875,46068.0,98,289.208,72
250.06860921159387,92,4424.875,46068.0,99,289.429,72
250.16920172050595,92,4986.875,46068.0,99,297.234,72
250.26942939125001,99,4986.875,46068.0,63,298.701,75
250.3696491420269,99,4986.875,46068.0,63,296.945,72
250.46986482664943,93,4986.875,46068.0,99,296.475,72
250.57001782767475,93,4986.875,46068.0,99,295.739,72
250.67015756852925,93,4986.875,46068.0,99,295.286,72
250.7703671324998,93,4986.875,46068.0,99,294.991,72
250.87058528885245,93,4986.875,46068.0,99,294.572,72
250.97079507634044,93,4986.875,46068.0,99,293.625,72
251.07101286388934,93,4986.875,46068.0,99,293.368,72
251.1712375525385,93,4986.875,46068.0,99,293.12,72
251.27145661972463,92,4986.875,46068.0,98,285.242,72
251.37165714241564,92,4986.875,46068.0,98,283.741,72
251.4718948993832,92,4986.875,46068.0,98,285.354,72
251.57213208451867,92,4986.875,46068.0,98,285.587,72
251.67233883589506,92,4986.875,46068.0,98,286.034,72
251.77256986312568,92,4986.875,46068.0,98,286.337,72
251.87278695032,92,4986.875,46068.0,98,286.465,72
251.97300601936877,92,4986.875,46068.0,98,286.774,72
252.07323143817484,92,4986.875,46068.0,98,287.69,72
252.17342566885054,92,4986.875,46068.0,98,287.789,72
252.2736432366073,92,4986.875,46068.0,99,288.091,72
252.37386188656092,92,4986.875,46068.0,99,288.538,72
252.4740866534412,93,4986.875,46068.0,99,288.383,72
252.57431293465197,93,4986.875,46068.0,99,288.373,72
252.67446569353342,93,4986.875,46068.0,99,288.654,72
252.77480606362224,93,4986.875,46068.0,99,288.892,72
252.87504592351615,93,4986.875,46068.0,99,289.068,72
252.9752745386213,93,4986.875,46068.0,99,289.316,72
253.07549183629453,93,4986.875,46068.0,99,289.376,72
253.17602551542222,93,4986.875,46068.0,99,289.535,72
253.27624329179525,93,4986.875,46068.0,99,289.606,72
253.3764612302184,93,4986.875,46068.0,99,290.293,72
253.47668172046542,93,4986.875,46068.0,99,290.299,72
253.57717426866293,93,4986.875,46068.0,99,290.421,72
253.6773922070861,92,4986.875,46068.0,98,290.575,72
253.77760571800172,92,4986.875,46068.0,98,290.905,72
253.87782238423824,92,4986.875,46068.0,98,291.111,72
253.97804077155888,92,4986.875,46068.0,98,291.266,72
254.07826965488493,92,4986.875,46068.0,98,291.45,72
254.1784888561815,92,4986.875,46068.0,98,291.588,72
254.27871523611248,92,4986.875,46068.0,98,291.698,72
254.378949156031,92,4986.875,46068.0,98,291.962,72
254.47912037558854,92,4424.875,46068.0,98,291.737,72
254.57936693541706,92,5000.875,46068.0,98,298.824,73
254.6795885991305,100,5000.875,46068.0,61,304.282,75
254.77980225905776,100,5000.875,46068.0,61,302.215,72
254.88001891598105,92,5000.875,46068.0,98,301.88,72
254.98023681156337,92,5000.875,46068.0,98,300.619,72
255.0804567541927,92,5000.875,46068.0,98,299.917,72
255.18061028420925,92,5000.875,46068.0,98,299.044,72
255.28082592785358,92,5000.875,46068.0,99,298.316,72
255.38106441497803,92,5000.875,46068.0,99,297.646,72
255.48129167966545,93,5000.875,46068.0,99,296.897,72
255.58150671236217,93,5000.875,46068.0,99,296.982,72
255.6817272938788,93,5000.875,46068.0,99,289.24,72
255.7819442693144,93,5000.875,46068.0,99,284.459,72
255.88222466036677,93,5000.875,46068.0,99,285.974,72
255.98244152776897,93,5000.875,46068.0,99,286.672,72
256.0826575215906,93,5000.875,46068.0,99,287.15,72
256.1828798763454,93,5000.875,46068.0,99,287.807,72
256.2830955795944,93,5000.875,46068.0,99,288.142,72
256.3833082690835,93,5000.875,46068.0,99,288.357,72
256.48352882266045,92,5000.875,46068.0,98,288.727,73
256.58409094437957,92,5000.875,46068.0,98,288.902,72
256.68431807495654,92,5000.875,46068.0,98,289.119,73
256.78452417626977,92,5000.875,46068.0,98,289.201,72
256.88467955961823,92,5000.875,46068.0,98,289.311,72
256.9848767463118,92,5000.875,46068.0,98,289.405,72
257.0850482340902,92,5000.875,46068.0,98,289.362,72
257.18527652695775,92,5000.875,46068.0,98,289.687,73
257.28549565561116,92,5000.875,46068.0,98,289.226,72
257.38565778918564,92,5000.875,46068.0,98,289.398,73
257.48580271936953,93,5000.875,46068.0,99,289.381,72
257.5860020406544,93,5000.875,46068.0,99,289.342,73
257.6861610971391,93,5000.875,46068.0,99,289.53,73
257.7863001972437,93,5000.875,46068.0,99,289.61,73
257.8864385560155,93,5000.875,46068.0,99,289.979,73
257.98660953342915,93,5000.875,46068.0,99,290.27,72
258.086749965325,93,5000.875,46068.0,99,290.501,73
258.18688847497106,93,5000.875,46068.0,99,290.588,72
258.28708543255925,93,5000.875,46068.0,99,290.918,73
258.38724593259394,93,5000.875,46068.0,99,291.375,73
258.4873894471675,92,5000.875,46068.0,98,291.601,73
258.58753115125,92,5000.875,46068.0,98,291.882,73
258.68775617145,92,5000.875,46068.0,98,292.177,73
258.787955339998,92,5000.875,46068.0,98,292.205,73
258.88811222836375,85,4986.875,46068.0,77,283.334,73
258.9882604200393,85,4986.875,46068.0,77,288.525,75
259.0884068123996,93,4986.875,46068.0,87,285.267,73
259.18860580027103,93,4986.875,46068.0,87,284.425,72
259.2888102773577,92,4986.875,46068.0,98,283.191,73
259.38901657797396,92,4986.875,46068.0,98,282.282,73
259.48917374387383,93,4986.875,46068.0,99,281.665,72
259.5892968289554,93,4986.875,46068.0,99,281.148,73
259.68945120461285,93,4986.875,46068.0,99,280.641,73
259.7895886898041,93,4986.875,46068.0,99,280.12,73
259.8897862955928,93,4986.875,46068.0,99,279.707,72
259.9899464789778,93,4986.875,46068.0,99,288.26,73
260.0901349019259,93,4986.875,46068.0,99,282.71,72
260.19034794159234,93,4986.875,46068.0,99,285.471,73
260.2905036751181,93,4986.875,46068.0,99,286.099,73
260.39064293541014,93,4986.875,46068.0,99,286.382,73
260.49078067578375,92,4986.875,46068.0,99,286.933,73
260.5909777190536,92,4986.875,46068.0,99,287.159,73
260.6911357473582,92,4986.875,46068.0,98,287.451,73
260.7913695201278,92,4986.875,46068.0,98,287.692,73
260.8915688600391,92,4986.875,46068.0,98,287.893,73
260.99172470346093,92,4986.875,46068.0,98,287.994,72
261.0918665472418,92,4986.875,46068.0,98,288.219,73
261.19200422614813,92,4986.875,46068.0,98,288.384,72
261.2921403925866,92,4986.875,46068.0,98,288.642,73
261.39228394813836,92,4986.875,46068.0,98,288.868,73
261.49258697219193,92,4986.875,46068.0,98,289.097,73
261.59272611141205,92,4986.875,46068.0,98,289.163,73
261.69286217726767,93,4986.875,46068.0,99,289.252,73
261.7930026296526,93,4986.875,46068.0,99,289.266,73
261.893139205873,93,4986.875,46068.0,99,289.574,73
261.99328201264143,93,4986.875,46068.0,99,289.776,73
262.0934160910547,93,4986.875,46068.0,99,289.984,72
262.1935629956424,93,4986.875,46068.0,99,290.143,73
262.293698227033,93,4986.875,46068.0,99,290.346,73
262.3940660096705,93,4986.875,46068.0,99,290.427,73
262.4942033160478,93,4986.875,46068.0,99,290.494,73
262.59435438364744,93,4986.875,46068.0,99,290.59,73
262.69456517137587,93,4986.875,46068.0,99,290.904,73
262.7947697006166,93,4986.875,46068.0,99,291.084,73
262.8949755076319,92,4986.875,46068.0,98,291.322,73
262.99512225948274,92,4986.875,46068.0,98,291.324,73
263.0953274592757,92,4986.875,46068.0,98,291.499,73
263.19548517651856,92,4986.875,46068.0,98,291.676,73
263.2956296633929,92,4986.875,46068.0,98,291.864,73
263.39575631543994,92,4970.875,46068.0,98,292.045,73
263.4961003791541,88,4970.875,46068.0,61,299.42,72
263.59624290652573,88,4970.875,46068.0,61,295.217,76
263.6965370681137,93,4970.875,46068.0,99,294.583,73
263.7967387121171,93,4970.875,46068.0,99,293.072,73
263.89689335413277,92,4970.875,46068.0,98,292.692,73
263.9970385842025,92,4970.875,46068.0,98,291.515,73
264.097179396078,92,4970.875,46068.0,98,291.616,73
264.19729428738356,92,4970.875,46068.0,98,290.449,73
264.29749197512865,92,4970.875,46068.0,98,290.634,73
264.39769994840026,92,4970.875,46068.0,98,289.62,73
264.49790354445577,92,4970.875,46068.0,98,289.562,73
264.5981057006866,92,4970.875,46068.0,98,281.354,73
264.6983190588653,92,4970.875,46068.0,98,285.191,73
264.798519551754,92,4970.875,46068.0,98,285.913,73
264.8986764382571,93,4970.875,46068.0,99,286.515,73
264.9988227877766,93,4970.875,46068.0,99,287.032,73
265.09904773533344,93,4970.875,46068.0,99,287.423,73
265.1992303915322,93,4970.875,46068.0,99,287.74,73
265.2994265463203,93,4970.875,46068.0,99,287.943,73
265.39958467520773,93,4970.875,46068.0,99,288.066,73
265.4997241552919,93,4970.875,46068.0,99,288.114,73
265.5998618211597,93,4970.875,46068.0,99,288.26,73
265.7000596001744,93,4970.875,46068.0,99,288.628,73
265.80022387579083,93,4970.875,46068.0,99,288.437,73
265.9003683831543,92,4970.875,46068.0,99,288.684,73
266.00051139108837,92,4970.875,46068.0,99,288.635,73
266.1008319016546,92,4970.875,46068.0,98,288.85,73
266.20096951909363,92,4970.875,46068.0,98,288.878,73
266.30110858008265,92,4970.875,46068.0,98,288.888,73
266.4012554399669,92,4970.875,46068.0,98,289.142,73
266.5014457963407,92,4970.875,46068.0,98,289.332,73
266.60164590738714,92,4970.875,46068.0,98,289.725,73
266.70196167193353,92,4970.875,46068.0,98,289.301,73
266.802122913301,92,4970.875,46068.0,98,289.191,73
266.9022773951292,92,4970.875,46068.0,98,290.14,73
267.00241535529494,92,4970.875,46068.0,98,290.047,73
267.1025597844273,92,4970.875,46068.0,98,291.097,73
267.2026985120028,92,4970.875,46068.0,98,291.286,73
267.30283427610993,92,4970.875,46068.0,98,291.449,73
267.40327999554574,92,4970.875,46068.0,98,291.553,73
267.5034163799137,93,4970.875,46068.0,99,291.449,73
267.6035547479987,93,4970.875,46068.0,99,291.436,73
267.70375382713974,93,4970.875,46068.0,99,291.276,73
267.80387948825955,93,4424.875,46068.0,99,291.994,73
267.9040297754109,86,4920.875,46068.0,79,280.224,73
268.0041719004512,86,4920.875,46068.0,79,284.5,76
268.1043095961213,93,4920.875,46068.0,92,282.422,73
268.2044571470469,93,4920.875,46068.0,92,281.362,73
268.30477458424866,93,4920.875,46068.0,99,280.115,73
268.40491431578994,93,4920.875,46068.0,99,279.894,73
268.5050522144884,93,4920.875,46068.0,99,279.053,73
268.6051889806986,93,4920.875,46068.0,99,278.615,73
268.70529587194324,92,4920.875,46068.0,99,277.822,73
268.8054377362132,92,4920.875,46068.0,99,276.996,73
268.90557401254773,92,4920.875,46068.0,98,276.17,73
269.00578163191676,92,4920.875,46068.0,98,287.324,73
269.10592010244727,92,4920.875,46068.0,98,282.465,73
269.20611931197345,92,4920.875,46068.0,98,284.003,73
269.30628388002515,92,4920.875,46068.0,98,284.73,73
269.4064322113991,92,4920.875,46068.0,98,285.324,73
269.50657336600125,92,4920.875,46068.0,98,285.964,73
269.60671321488917,92,4920.875,46068.0,98,286.206,73
269.707086045295,92,4920.875,46068.0,99,286.374,73
269.80723660439253,92,4920.875,46068.0,99,286.883,73
269.9073773957789,93,4920.875,46068.0,99,287.295,73
270.0075139198452,93,4920.875,46068.0,99,287.646,73
270.1076512876898,93,4920.875,46068.0,99,288.169,73
270.2077883966267,93,4920.875,46068.0,99,288.61,73
270.3079851400107,93,4920.875,46068.0,99,288.973,73
270.40816625393927,93,4920.875,46068.0,99,289.049,73
270.5083020981401,93,4920.875,46068.0,99,289.198,73
270.6084445640445,93,4920.875,46068.0,99,288.432,73
270.7085828408599,92,4920.875,46068.0,99,288.65,73
270.80873743630946,92,4920.875,46068.0,99,288.805,73
270.9089541696012,92,4920.875,46068.0,98,288.783,73
271.00911936722696,92,4920.875,46068.0,98,289.114,73
271.10931325890124,92,4920.875,46068.0,98,289.422,73
271.2094593513757,92,4920.875,46068.0,98,289.621,73
271.30965703725815,92,4920.875,46068.0,98,289.811,73
271.40981595776975,92,4920.875,46068.0,98,289.987,73
271.5099586509168,92,4920.875,46068.0,98,289.801,73
271.6101001352072,92,4920.875,46068.0,98,290.098,73
271.7103023994714,92,4920.875,46068.0,99,290.308,73
271.8104676678777,92,4920.875,46068.0,99,290.484,73
271.9106140304357,93,4920.875,46068.0,99,290.82,73
272.01075156778097,93,4920.875,46068.0,99,291.279,73
272.1109508071095,93,4920.875,46068.0,99,291.323,73
272.2111062724143,93,4920.875,46068.0,99,291.451,73
272.31125489622355,93,4920.875,46068.0,99,291.543,73
272.4113944154233,93,5000.875,46068.0,99,291.595,73
272.5115347765386,88,5000.875,46068.0,53,297.897,74
272.6117437314242,88,5000.875,46068.0,53,293.095,76
272.711940838024,92,5000.875,46068.0,98,292.515,73
272.81209520064294,92,5000.875,46068.0,98,292.228,73
272.9122503232211,92,5000.875,46068.0,99,290.963,73
273.01241322793067,92,5000.875,46068.0,99,290.81,73
273.11255661584437,93,5000.875,46068.0,99,289.687,73
273.21269338205457,93,5000.875,46068.0,99,289.816,73
273.3130478244275,93,5000.875,46068.0,99,288.908,73
273.4132199920714,93,5000.875,46068.0,99,289.099,73
273.51340305805206,92,5000.875,46068.0,98,287.896,73
273.6135525032878,92,5000.875,46068.0,98,281.757,73
273.71369232423604,93,5000.875,46068.0,99,286.198,73
273.81388540379703,93,5000.875,46068.0,99,286.869,73
273.91404053755105,93,5000.875,46068.0,99,287.112,73
274.01424776017666,93,5000.875,46068.0,99,288.517,73
274.11440520733595,93,5000.875,46068.0,99,288.698,73
274.2146422043443,93,5000.875,46068.0,99,288.709,73
274.31478546746075,92,5000.875,46068.0,99,288.827,73
274.4149258323014,92,5000.875,46068.0,99,288.646,73
274.5150646790862,92,5000.875,46068.0,98,288.528,73
274.6152005363256,92,5000.875,46068.0,98,288.862,73
274.71529433503747,92,5000.875,46068.0,98,289.031,73
274.8154894709587,92,5000.875,46068.0,98,289.205,73
274.91594740748405,92,5000.875,46068.0,98,289.526,73
275.01609553955495,92,5000.875,46068.0,98,289.808,73
275.1162428315729,92,5000.875,46068.0,98,289.768,73
275.21638224087656,92,5000.875,46068.0,98,289.878,73
275.3165263105184,92,5000.875,46068.0,99,290.245,73
275.416666271165,92,5000.875,46068.0,99,290.425,73
275.5168035775423,93,5000.875,46068.0,99,290.712,73
275.6172427460551,93,5000.875,46068.0,99,291.007,73
275.71739985235035,93,5000.875,46068.0,99,291.013,73
275.8175327125937,93,5000.875,46068.0,99,291.197,73
275.917668716982,93,5000.875,46068.0,99,291.434,73
276.01787858456373,93,5000.875,46068.0,99,291.553,73
276.1180379036814,93,5000.875,46068.0,99,291.778,73
276.2181820124388,93,5000.875,46068.0,99,292.246,73
276.3184001073241,93,5000.875,46068.0,99,292.532,73
276.4185580871999,93,5000.875,46068.0,99,292.62,73
276.51870715245605,93,5000.875,46068.0,99,292.704,73
276.6189066711813,93,5000.875,46068.0,99,292.798,73
276.7190623059869,92,5000.875,46068.0,98,292.88,73
276.8214479237795,92,5000.875,46068.0,98,293.122,73
276.9216063916683,92,5042.875,46068.0,98,293.308,73
277.02431267127395,92,5042.875,46068.0,98,279.618,73
277.12447449564934,97,5042.875,46068.0,60,284.805,75
277.2246723715216,97,5042.875,46068.0,60,282.485,74
277.32483316399157,93,5042.875,46068.0,99,280.769,73
277.42499358579516,93,5042.875,46068.0,99,279.989,73
277.5251933950931,93,5042.875,46068.0,99,279.016,73
277.6253078300506,93,5042.875,46068.0,99,278.54,73
277.72545276768506,93,5042.875,46068.0,99,278.39,73
277.82559461146593,93,5042.875,46068.0,99,277.999,73
277.92574011161923,93,5042.875,46068.0,99,277.685,73
278.02588100358844,93,5042.875,46068.0,99,276.42,73
278.12607488408685,93,5042.875,46068.0,99,289.881,73
278.22622132487595,93,5042.875,46068.0,99,283.254,73
278.3263600245118,92,5042.875,46068.0,98,285.292,73
278.4265021085739,92,5042.875,46068.0,98,285.738,73
278.5266399886459,92,5042.875,46068.0,98,286.193,73
278.626778755337,92,5042.875,46068.0,98,287.004,73
278.7269326671958,92,5042.875,46068.0,98,287.306,73
278.82732749916613,92,5042.875,46068.0,98,287.395,73
278.9274652376771,92,5042.875,46068.0,98,287.628,73
279.0276018641889,92,5042.875,46068.0,98,287.906,73
279.12773845903575,92,5042.875,46068.0,99,288.134,73
279.2279364876449,92,5042.875,46068.0,99,288.364,73
279.3280958086252,93,5042.875,46068.0,99,288.732,73
279.4282454829663,93,5042.875,46068.0,99,289.15,73
279.5285543166101,93,5042.875,46068.0,99,289.431,73
279.62869364768267,93,5042.875,46068.0,99,289.809,73
279.7288295123726,93,5042.875,46068.0,99,289.754,73
279.82896558754146,93,4898.875,46068.0,99,289.931,73
279.92916905134916,90,4898.875,46068.0,57,297.494,72
280.02941116690636,90,4898.875,46068.0,57,292.258,76
280.12960866466165,92,4898.875,46068.0,98,291.587,73
280.22976611182094,92,4898.875,46068.0,98,290.579,73
280.32990720309317,92,4898.875,46068.0,98,289.944,73
280.4300459641963,92,4898.875,46068.0,98,289.834,73
280.53018375113606,92,4898.875,46068.0,98,289.566,73
280.6302937269211,92,4898.875,46068.0,98,289.396,73
280.7304916828871,92,4898.875,46068.0,98,289.126,73
280.83064959198236,92,4898.875,46068.0,98,289.176,73
280.9307940993458,92,4898.875,46068.0,98,288.378,73
281.03094048053026,92,4898.875,46068.0,98,280.792,73
281.1310787796974,92,4898.875,46068.0,99,285.054,73
281.23128551989794,92,4898.875,46068.0,99,285.616,73
281.3314435072243,93,4898.875,46068.0,99,286.529,73
281.4315885156393,93,4898.875,46068.0,99,287.217,73
281.53172964043915,93,4898.875,46068.0,99,287.503,73
281.63188049569726,93,4898.875,46068.0,99,287.794,73
281.73203694447875,93,4898.875,46068.0,99,288.036,73
281.8321859575808,93,4898.875,46068.0,99,288.317,73
281.9323029946536,93,4898.875,46068.0,99,288.481,73
282.0324435662478,93,4898.875,46068.0,99,288.729,73
282.1326455902308,93,4898.875,46068.0,99,289.019,73
282.23280431889,93,4898.875,46068.0,99,289.305,73
282.3329734131694,92,4898.875,46068.0,98,289.641,73
282.43311746045947,92,4898.875,46068.0,98,289.889,73
282.53326703608036,92,4898.875,46068.0,98,290.281,73
282.63343997485936,92,4898.875,46068.0,98,290.452,73
282.733589110896,92,4898.875,46068.0,99,290.65,73
282.83373230695724,92,4898.875,46068.0,99,290.909,73
282.9338739924133,92,4898.875,46068.0,98,291.046,73
283.0340166166425,92,4898.875,46068.0,98,291.271,73
283.1341555044055,92,4898.875,46068.0,98,291.306,73
283.2342952750623,92,4898.875,46068.0,98,291.619,73
283.3344325516373,93,4898.875,46068.0,99,291.702,73
283.4345733039081,93,4898.875,46068.0,99,291.983,73
283.5347714032978,93,4898.875,46068.0,99,292.143,73
283.6349293924868,93,4898.875,46068.0,99,292.182,73
283.73528024740517,93,4898.875,46068.0,99,292.292,73
283.8354223817587,93,4898.875,46068.0,99,292.456,73
283.93556435965,93,4898.875,46068.0,99,292.598,73
284.03570774942636,93,4898.875,46068.0,99,292.14,73
284.1358287651092,93,5030.875,46068.0,99,292.3,73
284.23597272485495,93,5030.875,46068.0,99,292.369,75
284.33642530813813,90,5030.875,46068.0,53,297.865,76
284.4365994837135,90,5030.875,46068.0,53,294.483,73
284.53674532845616,93,5030.875,46068.0,99,292.722,73
284.6368865445256,93,5030.875,46068.0,99,292.111,73
284.7370260953903,93,5030.875,46068.0,99,290.524,73
284.8371624033898,93,5030.875,46068.0,99,290.345,73
284.93729480728507,93,5030.875,46068.0,99,289.187,73
285.03750753216445,93,5030.875,46068.0,99,288.971,73
285.1377144549042,93,5030.875,46068.0,99,288.489,73
285.23786165192723,93,5030.875,46068.0,99,287.269,73
285.3380600810051,92,5030.875,46068.0,99,286.949,73
285.4382734671235,92,5030.875,46068.0,99,280.157,73
285.53842914290726,92,5030.875,46068.0,98,283.547,73
285.63857558742166,92,5030.875,46068.0,98,284.289,73
285.73881486058235,92,5030.875,46068.0,98,284.959,73
285.83895779028535,92,5030.875,46068.0,98,285.54,73
285.93914719857275,92,5030.875,46068.0,98,285.821,73
286.03930373489857,92,5030.875,46068.0,98,285.865,73
286.1394454538822,92,5030.875,46068.0,98,285.942,73
286.2396486438811,92,5030.875,46068.0,98,286.133,73
286.3398050721735,92,5030.875,46068.0,98,286.439,73
286.4399496912956,92,5030.875,46068.0,98,286.611,73
286.54009014740586,93,5030.875,46068.0,99,286.88,73
286.6407989040017,93,5030.875,46068.0,99,287.155,73
286.7410051058978,93,5030.875,46068.0,99,287.419,73
286.8411953356117,93,5030.875,46068.0,99,287.595,73
286.9414110444486,93,5030.875,46068.0,99,287.579,73
287.0415792502463,93,5030.875,46068.0,99,287.606,73
287.14177663065493,93,5030.875,46068.0,99,287.87,73
287.2419215310365,93,5030.875,46068.0,99,288.012,73
287.3420703485608,93,5030.875,46068.0,99,288.084,73
287.44220933131874,93,5030.875,46068.0,99,288.323,73
287.54235735721886,93,5030.875,46068.0,99,288.653,73
287.642510632053,93,5030.875,46068.0,99,288.769,73
287.74265252798796,92,5030.875,46068.0,98,288.948,73
287.84278978034854,92,5030.875,46068.0,98,288.879,73
287.94298598729074,92,5030.875,46068.0,98,289.003,73
288.04316264763474,92,5030.875,46068.0,98,289.404,73
288.14335948601365,92,5030.875,46068.0,98,289.702,73
288.2435167878866,92,5030.875,46068.0,98,289.751,73
288.34366041608155,92,5030.875,46068.0,98,289.971,73
288.4438012521714,92,5030.875,46068.0,98,290.235,73
288.5439375322312,92,5098.875,46068.0,98,291.13,73
288.64465025253594,92,5098.875,46068.0,98,298.962,76
288.74481623619795,100,5098.875,46068.0,62,304.643,73
288.8449602164328,100,5098.875,46068.0,62,303.175,73
288.9450974166393,93,5098.875,46068.0,99,302.841,73
289.0454170778394,93,5098.875,46068.0,99,302.3,73
289.1455856952816,93,5098.875,46068.0,99,301.709,73
289.24572741240263,93,5098.875,46068.0,99,300.701,73
289.34586859866977,93,5098.875,46068.0,99,300.78,73
289.4460133500397,93,5098.875,46068.0,99,299.62,73
289.54621286317706,92,5098.875,46068.0,98,299.434,73
289.6463795751333,92,5098.875,46068.0,98,298.389,73
289.7465717997402,92,5098.875,46068.0,98,290.535,73
289.8467171918601,92,5098.875,46068.0,98,285.165,73
289.9468662291765,92,5098.875,46068.0,98,286.714,73
290.04700622335076,92,5098.875,46068.0,98,287.306,73
290.14714544825256,92,5098.875,46068.0,98,287.979,73
290.2472877949476,92,5098.875,46068.0,98,288.552,73
290.347425326705,92,5098.875,46068.0,98,289.234,73
290.4475659914315,92,5098.875,46068.0,98,289.471,73
290.54770729504526,93,5098.875,46068.0,99,289.719,73
290.6478735115379,93,5098.875,46068.0,99,290.049,73
290.74807435646653,93,5098.875,46068.0,99,290.213,73
290.84824020043015,93,5098.875,46068.0,99,290.487,73
290.9483887553215,93,5098.875,46068.0,99,290.611,73
291.0485314950347,93,5098.875,46068.0,99,290.792,73
291.14867128804326,93,5098.875,46068.0,99,290.858,73
291.2488107215613,93,5098.875,46068.0,99,290.968,73
291.3490357939154,93,5098.875,46068.0,99,291.233,73
291.4491796642542,93,5098.875,46068.0,99,290.942,73
291.5492933485657,93,5098.875,46068.0,99,291.11,73
291.6494321618229,93,5098.875,46068.0,99,291.286,73
291.74956857971847,92,5098.875,46068.0,98,291.418,73
291.849722776562,92,4424.875,46068.0,98,291.608,73
291.94990349188447,92,5000.875,46068.0,98,291.67,72
292.05010594055057,92,5000.875,46068.0,98,298.906,76
292.1503170002252,98,5000.875,46068.0,66,295.547,73
292.2504754792899,98,5000.875,46068.0,66,294.807,73
292.3506449405104,93,5000.875,46068.0,99,293.341,73
292.45078863948584,93,5000.875,46068.0,99,292.906,73
292.5509414318949,93,5000.875,46068.0,99,292.543,73
292.65107840299606,93,5000.875,46068.0,99,292.323,73
292.7512390371412,93,5000.875,46068.0,99,292.459,73
292.8513829484582,93,5000.875,46068.0,99,291.352,73
292.95152313262224,93,5000.875,46068.0,99,291.312,73
293.05167450383306,93,5000.875,46068.0,99,290.261,73
293.15238042362034,92,5000.875,46068.0,99,283.158,73
293.25253884866834,92,5000.875,46068.0,99,285.732,73
293.3527381699532,92,5000.875,46068.0,98,286.807,73
293.4528956692666,92,5000.875,46068.0,98,287.477,73
293.55306625925004,92,5000.875,46068.0,99,288.137,73
293.65322289057076,92,5000.875,46068.0,99,288.549,73
293.7534221112728,92,5000.875,46068.0,98,288.378,73
293.85358058288693,92,5000.875,46068.0,98,288.511,73
293.95372291095555,92,5000.875,46068.0,99,288.799,73
294.0538605712354,92,5000.875,46068.0,99,289.151,73
294.15400169976056,93,5000.875,46068.0,99,289.63,73
294.2542111668736,93,5000.875,46068.0,99,289.903,73
294.35437645949423,93,5000.875,46068.0,99,290.043,73
294.45452011935413,93,5000.875,46068.0,99,290.225,73
294.55466158501804,93,5000.875,46068.0,99,290.461,73
294.65486071817577,93,5000.875,46068.0,99,290.698,73
294.7550168763846,93,5000.875,46068.0,99,290.838,73
294.8551768604666,93,5000.875,46068.0,99,291.141,73
294.9553064405918,93,5000.875,46068.0,99,291.427,73
295.05545077100396,93,5000.875,46068.0,99,291.695,73
295.1555865276605,92,5000.875,46068.0,98,291.959,73
295.2557247802615,92,5000.875,46068.0,98,291.938,73
295.3558731749654,92,5000.875,46068.0,98,292.189,73
295.45601442456245,92,5000.875,46068.0,98,292.304,73
295.55621287599206,92,5000.875,46068.0,99,292.435,73
295.6564489044249,92,5000.875,46068.0,99,292.551,73
295.75664991885424,92,5000.875,46068.0,98,292.685,73
295.8568077497184,92,5000.875,46068.0,98,292.355,74
295.9569532312453,92,4426.875,46068.0,98,288.786,77
296.0734523162246,52,4426.875,46068.0,27,271.737,70
296.1888469606638,52,4426.875,46068.0,27,254.308,69
296.29175353236496,0,4426.875,46068.0,0,237.216,69
296.39412052743137,0,4426.875,46068.0,0,219.372,69
296.5079033598304,0,4426.875,46068.0,0,202.292,68
296.60938409902155,0,4426.875,46068.0,0,184.53,68
296.7109619732946,0,4426.875,46068.0,0,167.237,68
296.81295729242265,0,4426.875,46068.0,0,149.475,68
296.92048879899085,0,4426.875,46068.0,0,131.992,68
297.02081703580916,0,4426.875,46068.0,0,114.86,68
297.1297812126577,0,4426.875,46068.0,0,114.86,68
297.2430487256497,0,4426.875,46068.0,0,114.86,68
297.34484658017755,0,4426.875,46068.0,0,114.86,68
297.4542456790805,0,4426.875,46068.0,0,114.86,68
297.5723527483642,0,4426.875,46068.0,0,114.86,68
297.6730324290693,0,4426.875,46068.0,0,114.86,68
297.7814646642655,0,4426.875,46068.0,0,98.847,67
297.8959313277155,0,4426.875,46068.0,0,98.82,67
297.99764195270836,0,4426.875,46068.0,0,98.592,67
298.0980284754187,0,4426.875,46068.0,0,98.346,67
298.2020296435803,0,4426.875,46068.0,0,98.31,67
298.30760301090777,0,4426.875,46068.0,0,98.28,67
298.4124631509185,0,4426.875,46068.0,0,98.237,67
298.5148003716022,0,4426.875,46068.0,0,98.232,66
298.61660992354155,0,4426.875,46068.0,0,98.228,66
298.727230919525,0,4426.875,46068.0,0,98.194,66
298.8336580954492,0,4426.875,46068.0,0,98.151,66
298.93580356799066,0,4426.875,46068.0,0,98.151,66
299.0438190083951,0,4426.875,46068.0,0,98.151,66
299.1499820072204,0,4426.875,46068.0,0,98.151,66
299.25242219120264,0,4426.875,46068.0,0,98.151,66
299.3542864359915,0,4426.875,46068.0,0,98.151,66
299.46026982553303,0,4426.875,46068.0,0,98.151,66
299.561310807243,0,4426.875,46068.0,0,98.151,66
299.6677746884525,0,4426.875,46068.0,0,98.151,66
299.77640485577285,0,4426.875,46068.0,0,96.235,66
299.8794859200716,0,4426.875,46068.0,0,96.235,66
299.98314404301345,0,4426.875,46068.0,0,96.235,66
300.0879658870399,0,4426.875,46068.0,0,96.235,66
300.19656310789287,0,4426.875,46068.0,0,96.235,66
300.30499400012195,0,4426.875,46068.0,0,96.235,66
300.41987664811313,0,4426.875,46068.0,0,96.235,66
300.52880335971713,0,4426.875,46068.0,0,96.235,66
300.63092671893537,0,4426.875,46068.0,0,96.235,66
300.74085453897715,0,4426.875,46068.0,0,96.235,66
300.8714823219925,0,4426.875,46068.0,0,96.238,65
300.97515282407403,0,4426.875,46068.0,0,96.238,65
301.076765531674,0,4426.875,46068.0,0,96.238,65
301.179048711434,0,4426.875,46068.0,0,96.238,65
301.29597679525614,0,4426.875,46068.0,0,96.238,65
301.4010552763939,0,4426.875,46068.0,0,96.238,65
301.50607341341674,0,4426.875,46068.0,0,96.238,65
301.6086398269981,0,4426.875,46068.0,0,96.238,65
301.7095548398793,0,4426.875,46068.0,0,96.238,65
301.81247510015965,0,4426.875,46068.0,0,95.753,65
301.91546450555325,0,4426.875,46068.0,0,95.753,65
302.01675523258746,0,4426.875,46068.0,0,95.753,65
302.11899567581713,0,4426.875,46068.0,0,95.753,65
302.2224188204855,0,4426.875,46068.0,0,95.753,65
302.3237721789628,0,4426.875,46068.0,0,95.753,65
302.4258331358433,0,4426.875,46068.0,0,95.753,65
302.5296491757035,0,4426.875,46068.0,0,95.753,65
302.63881312310696,0,4426.875,46068.0,0,95.753,65
302.7502411864698,0,4426.875,46068.0,0,95.753,65
302.8516805842519,0,4426.875,46068.0,0,95.022,64
302.95612007565796,0,4426.875,46068.0,0,95.022,64
303.06330174021423,0,4426.875,46068.0,0,95.022,64
303.1637320481241,0,4426.875,46068.0,0,95.022,64
303.2679777611047,0,4426.875,46068.0,0,95.022,64
303.3713007438928,0,4426.875,46068.0,0,95.022,64
303.4722263533622,0,4426.875,46068.0,0,95.022,64
303.57311664894223,0,4426.875,46068.0,0,95.022,64
303.6797912660986,0,4426.875,46068.0,0,95.022,64
303.78206509910524,0,4426.875,46068.0,0,94.925,64
303.88689427636564,0,4426.875,46068.0,0,94.925,64
303.98887188732624,0,4426.875,46068.0,0,94.925,64
304.0904961116612,0,4426.875,46068.0,0,94.925,64
304.19682643190026,0,4426.875,46068.0,0,94.925,64
304.30503974854946,0,4426.875,46068.0,0,94.925,64
304.4085265286267,0,4426.875,46068.0,0,94.925,64
304.50937580130994,0,4426.875,46068.0,0,94.925,64
304.61040211096406,0,4426.875,46068.0,0,94.925,64
304.7144303675741,0,4426.875,46068.0,0,94.925,64
304.81668704003096,0,4426.875,46068.0,0,94.803,64
304.91762590780854,0,4426.875,46068.0,0,94.803,64
305.0230279304087,0,4426.875,46068.0,0,94.708,64
305.1242189463228,0,4426.875,46068.0,0,94.737,64
305.22464267350733,0,4426.875,46068.0,0,94.771,64
305.32624119892716,0,4426.875,46068.0,0,94.816,64
305.44250379130244,0,4426.875,46068.0,0,94.836,64
305.55454008467495,0,4426.875,46068.0,0,94.868,63
305.66094668768346,0,4426.875,46068.0,0,94.913,63
305.76615630462766,0,4426.875,46068.0,0,94.949,63
305.87193231470883,0,4426.875,46068.0,0,95.252,63
305.97252218052745,0,4426.875,46068.0,0,95.268,63
306.080291332677,0,4426.875,46068.0,0,95.268,63
306.1848060078919,0,4426.875,46068.0,0,95.268,63
306.28769240900874,0,4426.875,46068.0,0,95.268,63
306.3959700819105,0,4426.875,46068.0,0,95.268,63
306.50360608287156,0,4426.875,46068.0,0,95.268,63
306.6060251351446,0,4426.875,46068.0,0,95.268,63
306.7090918086469,0,4426.875,46068.0,0,95.268,63
306.81488355249166,0,4426.875,46068.0,0,95.268,63
306.93507054261863,0,4426.875,46068.0,0,95.268,63
307.03839200362563,0,4426.875,46068.0,0,95.383,63
307.1448299642652,0,4426.875,46068.0,0,95.383,63
307.24635691195726,0,4426.875,46068.0,0,95.383,63
307.8343592043966,0,4426.875,46068.0,0,95.383,63
307.9369042739272,0,4426.875,46068.0,0,95.383,63
308.0395248271525,0,4426.875,46068.0,0,94.527,63
308.14077666401863,0,4426.875,46068.0,0,94.527,63
308.2414957340807,0,4426.875,46068.0,0,94.527,63
308.34360096789896,0,4426.875,46068.0,0,94.527,63
308.4458544924855,0,4426.875,46068.0,0,94.527,63
308.5509915780276,0,4426.875,46068.0,0,94.527,63
308.65156446769834,0,4426.875,46068.0,0,94.527,63
308.7551817037165,0,4426.875,46068.0,0,94.527,63
308.85754903778434,0,4426.875,46068.0,0,94.527,63
308.96035257540643,0,4426.875,46068.0,0,93.827,62
309.0615516118705,0,4426.875,46068.0,0,93.827,62
309.168358663097,0,4426.875,46068.0,0,93.827,62
309.2702839076519,0,4426.875,46068.0,0,93.827,62
309.3729887474328,0,4426.875,46068.0,0,93.827,62
309.4748202525079,0,4426.875,46068.0,0,93.827,62
309.57743741199374,0,4426.875,46068.0,0,93.827,62
309.68008533492684,0,4426.875,46068.0,0,93.827,62
309.78237095847726,0,4426.875,46068.0,0,93.827,62
309.8884885702282,0,4426.875,46068.0,0,93.827,62
309.98990434221923,0,4426.875,46068.0,0,93.705,62
310.09125536866486,0,4426.875,46068.0,0,93.705,62
310.19356161914766,0,4426.875,46068.0,0,93.705,62
310.2949293721467,0,4426.875,46068.0,0,93.705,62
310.39652540162206,0,4426.875,46068.0,0,93.705,62
310.5039085764438,0,4426.875,46068.0,0,93.705,62
310.60461949557066,0,4426.875,46068.0,0,93.705,62
310.70654698088765,0,4426.875,46068.0,0,93.705,62
310.8101586960256,0,4426.875,46068.0,0,93.705,62
310.9116557203233,0,4426.875,46068.0,0,93.705,62
311.0135333240032,0,4426.875,46068.0,0,93.22,62
311.11592938005924,0,4426.875,46068.0,0,93.22,62
311.6590588353574,0,4426.875,46068.0,0,93.22,62
311.76169485226274,0,4426.875,46068.0,0,93.22,62
311.8668415825814,0,4426.875,46068.0,0,93.22,62
311.9682324361056,0,4426.875,46068.0,0,93.007,62
312.07227385416627,0,4426.875,46068.0,0,93.007,62
312.173067715019,0,4426.875,46068.0,0,93.093,62
312.27586892060935,0,4426.875,46068.0,0,93.18,61
312.3785020522773,0,4426.875,46068.0,0,93.226,61
312.4794030636549,0,4426.875,46068.0,0,93.27,61
312.5801129117608,0,4426.875,46068.0,0,93.28,61
312.6903851237148,0,4426.875,46068.0,0,93.298,61
312.81617168709636,0,4426.875,46068.0,0,93.317,61
312.93666040711105,0,4426.875,46068.0,0,93.347,61
313.0572793446481,0,4426.875,46068.0,0,93.358,61
313.16531186923385,0,4426.875,46068.0,0,93.698,61
313.27620489150286,0,4426.875,46068.0,0,93.545,61
313.3887460194528,0,4426.875,46068.0,0,93.486,61
313.4978664908558,0,4426.875,46068.0,0,93.469,61
313.610229883343,0,4426.875,46068.0,0,93.424,61
313.7817611563951,0,4426.875,46068.0,0,93.465,61
313.9292770586908,0,4426.875,46068.0,0,93.459,61
314.0314975231886,0,4426.875,46068.0,0,93.409,61
314.1339032854885,0,4426.875,46068.0,0,93.387,61
314.2351359240711,0,4426.875,46068.0,0,93.415,61
314.33577340096235,0,4426.875,46068.0,0,93.415,61
314.43989684432745,0,4426.875,46068.0,0,93.415,61
314.54102971218526,0,4426.875,46068.0,0,93.415,61
314.6433804202825,0,4426.875,46068.0,0,93.415,61
314.74547139182687,0,4426.875,46068.0,0,93.415,61
314.8472291752696,0,4426.875,46068.0,0,93.415,61
314.94859134592116,0,4426.875,46068.0,0,93.415,61
315.0495390072465,0,4426.875,46068.0,0,93.415,61
315.15141841210425,0,4426.875,46068.0,0,93.415,61
315.25223906338215,0,4426.875,46068.0,0,92.498,61
315.3530409671366,0,4426.875,46068.0,0,92.498,61
315.45498153567314,0,4426.875,46068.0,0,92.498,61
315.8402281757444,0,4426.875,46068.0,0,92.498,61
315.9715754520148,0,4426.875,46068.0,0,92.498,61
316.09211634099483,0,4426.875,46068.0,0,92.498,61
316.21267797239125,0,4426.875,46068.0,0,92.268,61
316.31851615570486,0,4426.875,46068.0,0,92.268,61
316.43397002853453,0,4426.875,46068.0,0,92.268,61
316.5558073166758,0,4426.875,46068.0,0,92.268,61
316.6677808035165,0,4426.875,46068.0,0,92.268,61
316.77956199645996,0,4426.875,46068.0,0,92.268,61
316.89205882512033,0,4426.875,46068.0,0,92.268,61
317.0029402319342,0,4426.875,46068.0,0,92.268,61
317.1139019150287,0,4426.875,46068.0,0,92.268,61
317.22885786369443,0,4426.875,46068.0,0,92.025,60
317.337393572554,0,4426.875,46068.0,0,92.025,60
317.4496757723391,0,4426.875,46068.0,0,92.025,60
317.56080896407366,0,4426.875,46068.0,0,92.025,60
317.67262588068843,0,4426.875,46068.0,0,92.025,60
317.78464998304844,0,4426.875,46068.0,0,92.025,60
317.89872230775654,0,4426.875,46068.0,0,92.025,60
318.00899384357035,0,4426.875,46068.0,0,92.025,60
318.12120738998055,0,4426.875,46068.0,0,92.025,60
318.236673399806,0,4426.875,46068.0,0,91.873,60
318.35719320736825,0,4426.875,46068.0,0,91.873,60
318.4776982124895,0,4426.875,46068.0,0,91.873,60
318.5982223469764,0,4426.875,46068.0,0,91.873,60
318.71878445520997,0,4426.875,46068.0,0,91.873,60
318.83936773985624,0,4426.875,46068.0,0,91.873,60
318.95991969667375,0,4426.875,46068.0,0,91.873,60
319.0753787960857,0,4426.875,46068.0,0,91.873,60
319.19594644382596,0,4426.875,46068.0,0,91.75,60
319.3165115881711,0,4426.875,46068.0,0,91.75,60
319.43703652359545,0,4426.875,46068.0,0,91.707,60
319.55759053118527,0,4426.875,46068.0,0,91.78,60
319.6781065315008,0,4426.875,46068.0,0,91.862,60
319.79863176867366,0,4426.875,46068.0,0,91.908,60
319.92322227172554,0,4426.875,46068.0,0,91.963,60
320.0474726781249,0,4426.875,46068.0,0,91.985,60
320.1680308524519,0,4426.875,46068.0,0,92.013,60
320.281079268083,0,4426.875,46068.0,0,92.4,60
320.3983390312642,0,4426.875,46068.0,0,92.4,60
320.5235654357821,0,4426.875,46068.0,0,92.4,60
320.6436963323504,0,4426.875,46068.0,0,92.4,60
320.7666871640831,0,4426.875,46068.0,0,92.4,60
320.8945851717144,0,4426.875,46068.0,0,92.4,60
321.01059149205685,0,4426.875,46068.0,0,92.4,60
321.13183276727796,0,4426.875,46068.0,0,92.4,60
321.25373562425375,0,4426.875,46068.0,0,92.4,60
321.3742917329073,0,4426.875,46068.0,0,91.533,59
321.4995642583817,0,4426.875,46068.0,0,91.533,59
321.61543227918446,0,4426.875,46068.0,0,91.533,59
321.74516262859106,0,4426.875,46068.0,0,91.533,59
321.8757805041969,0,4426.875,46068.0,0,91.533,59
322.0046541541815,0,4426.875,46068.0,0,91.533,59
322.1201060041785,0,4426.875,46068.0,0,91.533,59
322.2388622313738,0,4426.875,46068.0,0,91.533,59
322.99308557622135,0,4426.875,46068.0,0,91.567,59
323.10855775512755,0,4426.875,46068.0,0,91.567,59
323.2487628478557,0,4426.875,46068.0,0,91.567,59
323.37184724770486,0,4426.875,46068.0,0,91.689,59
323.47308582626283,0,4426.875,46068.0,0,91.689,59
323.57855757139623,0,4426.875,46068.0,0,91.687,59
323.6815007980913,0,4426.875,46068.0,0,91.718,59
323.7861258685589,0,4426.875,46068.0,0,91.748,59
323.8863366469741,0,4426.875,46068.0,0,91.775,59
324.00685160048306,0,4426.875,46068.0,0,91.781,59
324.136548018083,0,4426.875,46068.0,0,91.786,59
324.23689300753176,0,4426.875,46068.0,0,91.777,59
324.3371113296598,42,4426.875,46068.0,50,97.245,60
324.4373011086136,42,4426.875,46068.0,50,112.235,61
324.53750462830067,97,4426.875,46068.0,100,121.791,61
324.6386836152524,97,4174.875,46068.0,100,138.95,61
324.73889636062086,79,4174.875,46068.0,75,148.124,62
324.8391197975725,79,4174.875,46068.0,75,161.545,62
324.93927883170545,91,4174.875,46068.0,82,175.054,63
325.0394174233079,91,4174.875,46068.0,82,188.647,63
325.13954904302955,91,4174.875,46068.0,82,201.992,63
325.23975713178515,91,4174.875,46068.0,82,215.229,63
325.33997314050794,91,4174.875,46068.0,82,228.534,63
325.44012596458197,91,4174.875,46068.0,82,231.98,63
325.5404364913702,91,4174.875,46068.0,82,235.026,63
325.640653712675,91,4174.875,46068.0,82,236.261,63
325.74088546447456,91,4174.875,46068.0,82,239.233,63
325.84103598445654,91,4174.875,46068.0,82,240.184,63
325.9412516914308,91,4174.875,46068.0,82,240.603,63
326.0414067171514,91,4174.875,46068.0,82,240.824,63
326.14154656231403,91,4174.875,46068.0,82,240.507,63
326.2416938561946,91,4174.875,46068.0,82,240.604,63
326.34184649959207,91,4174.875,46068.0,82,240.854,63
326.4420103598386,91,4174.875,46068.0,82,241.127,64
326.54223056323826,90,4174.875,46068.0,82,241.458,64
326.6424444206059,90,4174.875,46068.0,82,241.781,64
326.74265828356147,91,4174.875,46068.0,82,242.09,64
326.84287009574473,91,4174.875,46068.0,82,242.34,64
326.94308651424944,91,4174.875,46068.0,82,242.679,64
327.04336903244257,91,4174.875,46068.0,82,242.238,64
327.14351988211274,91,4174.875,46068.0,82,241.943,64
327.2436575125903,91,4174.875,46068.0,82,242.281,64
327.34379041567445,91,4174.875,46068.0,82,242.466,64
327.44400361180305,91,4174.875,46068.0,82,242.753,64
327.54415791668,90,4174.875,46068.0,81,241.446,64
327.64430147595704,90,4174.875,46068.0,81,241.513,64
327.7444342095405,90,4174.875,46068.0,82,241.534,64
327.8446407932788,90,4174.875,46068.0,82,241.512,64
