timestamp_s,gpu_util_pct,mem_used_mb,mem_total_mb,mem_util_pct,power_w,temp_c
0.004590952768921852,0,3478.875,46068.0,0,80.168,35
0.10480914823710918,16,3546.875,46068.0,1,80.094,35
0.20545058511197567,16,3546.875,46068.0,1,80.123,35
0.3055896442383528,0,3546.875,46068.0,0,80.164,35
0.4057362414896488,0,3546.875,46068.0,0,80.22,35
0.5058826599270105,0,3546.875,46068.0,0,80.262,35
0.7280294429510832,0,3546.875,46068.0,0,80.317,35
0.8285672552883625,0,3546.875,46068.0,0,80.355,35
0.9541045557707548,0,3546.875,46068.0,0,80.378,35
1.0614874009042978,0,3546.875,46068.0,0,80.628,35
1.1616339683532715,0,3546.875,46068.0,0,80.839,35
1.2617765292525291,0,3546.875,46068.0,0,80.839,35
1.3619041927158833,0,3652.875,46068.0,0,80.839,35
1.4621193520724773,0,3658.875,46068.0,0,80.78,35
1.5622169766575098,2,4054.875,46068.0,0,80.852,35
1.662401221692562,2,4054.875,46068.0,0,105.099,36
1.7726864647120237,15,4054.875,46068.0,8,104.997,36
1.8902689442038536,0,4054.875,46068.0,0,104.996,36
2.143871281296015,0,4054.875,46068.0,0,105.022,36
2.270592862740159,0,4054.875,46068.0,0,103.024,36
2.4137477967888117,0,4054.875,46068.0,0,105.576,36
2.5273592304438353,0,4054.875,46068.0,0,105.082,36
2.6365162059664726,0,4054.875,46068.0,0,105.007,36
2.7586674448102713,0,4054.875,46068.0,0,105.007,36
2.867533316835761,0,4054.875,46068.0,0,105.007,36
2.977059904485941,0,4054.875,46068.0,0,105.007,36
3.090188395231962,0,4054.875,46068.0,0,105.007,36
3.200239609926939,0,4054.875,46068.0,0,80.843,36
3.3079216722398996,0,4054.875,46068.0,0,80.844,36
3.4145755488425493,0,4054.875,46068.0,0,80.866,36
3.514715004712343,0,4054.875,46068.0,0,80.875,36
3.61486298404634,0,4054.875,46068.0,0,80.897,36
3.7150023728609085,0,4054.875,46068.0,0,80.911,36
3.8151386361569166,0,4054.875,46068.0,0,80.919,36
3.915347395464778,0,4054.875,46068.0,0,80.91,36
4.015503499656916,0,4054.875,46068.0,0,80.916,36
4.115642938762903,0,4054.875,46068.0,0,80.941,36
4.215778719633818,0,4054.875,46068.0,0,80.941,36
4.315914172679186,0,4054.875,46068.0,0,80.941,36
4.416048692539334,0,4054.875,46068.0,0,80.941,36
4.516190383583307,0,4054.875,46068.0,0,80.941,36
4.616389831528068,0,4054.875,46068.0,0,80.941,36
4.716546343639493,0,4054.875,46068.0,0,80.941,36
4.81672459281981,0,4054.875,46068.0,0,80.941,36
4.916892761364579,0,4054.875,46068.0,0,80.941,36
5.017043465748429,0,4054.875,46068.0,0,80.941,36
5.11726720072329,0,4054.875,46068.0,0,80.36,36
5.22289969958365,0,4054.875,46068.0,0,80.36,36
5.3511025831103325,0,4054.875,46068.0,0,80.36,36
5.457388408482075,0,4054.875,46068.0,0,80.36,36
5.56016743183136,0,4054.875,46068.0,0,80.36,36
5.6611158978194,0,4054.875,46068.0,0,80.36,36
5.7638616394251585,0,4054.875,46068.0,0,80.36,36
5.864529028534889,0,4054.875,46068.0,0,80.36,36
5.966272983700037,0,4054.875,46068.0,0,80.36,36
6.068377487361431,0,4054.875,46068.0,0,80.197,36
6.169016012921929,0,4054.875,46068.0,0,80.197,36
6.269367277622223,0,4054.875,46068.0,0,80.197,36
6.369773104786873,0,4054.875,46068.0,0,80.197,36
6.472337136045098,0,4054.875,46068.0,0,80.197,36
6.575147224590182,0,4054.875,46068.0,0,80.197,36
6.675461856648326,0,4054.875,46068.0,0,80.197,36
6.777623016387224,0,4054.875,46068.0,0,80.197,36
6.880254967138171,0,4054.875,46068.0,0,80.197,36
6.9812666196376085,0,4054.875,46068.0,0,80.197,36
7.083765916526318,0,4054.875,46068.0,0,80.048,36
7.185242272913456,0,4054.875,46068.0,0,80.048,36
7.287887224927545,0,4054.875,46068.0,0,80.048,36
7.388819366693497,0,4054.875,46068.0,0,80.048,36
7.492148300632834,0,4054.875,46068.0,0,80.048,36
7.761112520471215,0,4054.875,46068.0,0,80.481,36
7.88502873852849,0,4054.875,46068.0,0,80.59,36
8.024150280281901,0,4054.875,46068.0,0,80.611,36
8.136182414367795,0,4054.875,46068.0,0,80.633,36
8.265238614752889,0,4054.875,46068.0,0,81.247,36
8.386473251506686,0,4054.875,46068.0,0,81.243,36
8.508227668702602,0,4054.875,46068.0,0,81.225,36
8.612415255978703,0,4054.875,46068.0,0,81.288,36
8.72129463776946,0,4054.875,46068.0,0,81.164,36
8.82311794348061,0,4054.875,46068.0,0,81.141,36
8.923277592286468,0,4054.875,46068.0,0,81.114,36
9.198260406032205,0,4054.875,46068.0,0,81.043,36
9.308629473671317,0,4054.875,46068.0,0,81.043,36
9.429117515683174,0,4054.875,46068.0,0,81.043,36
9.554590759798884,0,4054.875,46068.0,0,81.043,36
9.722577007487416,0,4054.875,46068.0,0,81.043,36
9.825787287205458,0,4054.875,46068.0,0,81.043,36
9.962733430787921,0,4054.875,46068.0,0,81.043,36
10.116147167980671,0,4054.875,46068.0,0,80.385,36
10.25364757888019,0,4054.875,46068.0,0,80.385,36
10.407627932727337,0,4054.875,46068.0,0,80.434,36
10.543676732107997,0,4054.875,46068.0,0,80.475,36
10.711158756166697,0,4054.875,46068.0,0,80.56,36
10.896197723224759,0,4054.875,46068.0,0,80.614,36
11.01916328072548,0,4054.875,46068.0,0,80.638,36
11.189505148679018,0,4054.875,46068.0,0,80.957,36
11.30485937744379,0,4054.875,46068.0,0,80.979,36
11.430396938696504,0,4054.875,46068.0,0,80.979,36
11.786848783493042,0,4054.875,46068.0,0,80.979,36
11.907934000715613,0,4054.875,46068.0,0,80.979,36
12.03345326334238,0,4054.875,46068.0,0,80.979,36
12.148829715326428,0,4054.875,46068.0,0,80.979,36
12.27430659532547,0,4054.875,46068.0,0,80.979,36
12.39482532441616,0,4054.875,46068.0,0,80.451,36
12.515237072482705,0,4054.875,46068.0,0,80.451,36
12.640744276344776,0,4054.875,46068.0,0,80.451,36
12.762618711218238,0,4054.875,46068.0,0,80.451,36
12.879096480086446,0,4054.875,46068.0,0,80.451,36
12.999872203916311,0,4054.875,46068.0,0,80.451,36
13.105309510603547,0,4054.875,46068.0,0,80.451,36
13.237519573420286,0,4054.875,46068.0,0,80.451,36
13.357028152793646,0,4054.875,46068.0,0,80.372,36
13.486479012295604,0,4054.875,46068.0,0,80.372,36
13.608731171116233,0,4054.875,46068.0,0,80.372,36
13.724192060530186,0,4054.875,46068.0,0,80.372,36
13.854925928637385,0,4054.875,46068.0,0,80.372,36
13.977987235412002,0,4054.875,46068.0,0,80.372,36
14.10618318989873,0,4054.875,46068.0,0,80.372,36
14.221607584506273,0,4054.875,46068.0,0,80.372,36
14.327467141672969,0,4054.875,46068.0,0,80.345,36
14.43656468950212,0,4054.875,46068.0,0,80.537,36
14.557096598669887,0,4054.875,46068.0,0,80.57,36
14.657299982383847,0,4054.875,46068.0,0,80.611,36
14.757608192041516,0,3962.875,46068.0,0,80.642,36
14.857847910374403,0,3962.875,46068.0,0,80.982,36
14.958030972629786,88,4058.875,46068.0,100,88.094,37
15.058259131386876,88,4058.875,46068.0,100,93.784,38
15.15846892632544,97,4062.875,46068.0,100,99.213,39
15.258684167638421,97,4062.875,46068.0,100,105.996,39
15.358899967744946,91,4062.875,46068.0,85,112.341,40
15.459116952493787,91,4062.875,46068.0,85,152.141,40
15.559274507686496,91,4062.875,46068.0,86,167.531,41
15.659488467499614,91,4062.875,46068.0,86,179.634,41
15.759819772094488,91,4062.875,46068.0,86,193.58,41
15.860023645684123,91,4062.875,46068.0,86,207.363,41
15.961135556921363,91,4062.875,46068.0,85,220.753,41
16.06203730404377,91,4062.875,46068.0,85,224.36,41
16.16226382367313,91,4062.875,46068.0,86,229.317,41
16.26247733272612,91,4062.875,46068.0,86,233.07,41
16.362682616338134,91,4062.875,46068.0,85,233.595,42
16.462889336049557,91,4062.875,46068.0,85,234.119,42
16.56311048567295,91,4062.875,46068.0,85,234.667,42
16.66338566876948,91,4062.875,46068.0,85,234.786,42
16.789784863591194,91,4376.875,46068.0,85,246.126,41
16.89733151346445,0,4376.875,46068.0,0,232.358,41
16.998569011688232,0,4376.875,46068.0,0,218.637,39
17.125186007469893,0,4376.875,46068.0,0,204.757,39
17.245960807427764,0,4376.875,46068.0,0,190.441,38
17.357572343200445,0,4376.875,46068.0,0,176.707,38
17.462369203567505,0,4376.875,46068.0,0,162.861,38
17.564359026029706,0,4376.875,46068.0,0,148.582,38
17.68516004830599,0,4376.875,46068.0,0,120.741,38
17.794564893469214,0,4376.875,46068.0,0,106.8,38
17.896483531221747,0,4376.875,46068.0,0,81.686,38
18.006580591201782,0,4376.875,46068.0,0,81.748,38
18.12389019317925,0,4376.875,46068.0,0,81.698,38
18.226034820079803,0,4376.875,46068.0,0,81.667,38
18.331065317615867,0,4376.875,46068.0,0,81.657,38
18.45184751972556,0,4376.875,46068.0,0,81.648,38
18.562532350420952,0,4376.875,46068.0,0,81.642,38
18.679483076557517,0,4376.875,46068.0,0,81.642,38
18.7851086743176,0,4376.875,46068.0,0,81.642,38
18.888189036399126,0,4376.875,46068.0,0,81.642,38
19.025212256237864,0,4376.875,46068.0,0,81.642,38
19.465851655229926,0,4376.875,46068.0,0,81.642,38
19.56875748001039,0,4376.875,46068.0,0,80.916,37
19.677625944837928,0,4376.875,46068.0,0,80.916,37
19.784419817849994,0,4376.875,46068.0,0,80.916,37
19.909335359930992,0,4376.875,46068.0,0,80.916,37
20.012040661647916,0,4376.875,46068.0,0,80.916,37
20.116279708221555,0,4376.875,46068.0,0,80.916,37
20.225281031802297,0,4376.875,46068.0,0,80.916,37
20.328003579750657,0,4376.875,46068.0,0,80.916,37
20.43346517160535,0,4376.875,46068.0,0,80.916,37
20.538754779845476,0,4376.875,46068.0,0,80.833,37
20.640672463923693,0,4376.875,46068.0,0,80.833,37
20.745642924681306,0,4376.875,46068.0,0,80.833,37
20.850486701354384,0,4376.875,46068.0,0,80.833,37
20.951800545677543,0,4376.875,46068.0,0,80.833,37
21.056489884853363,0,4376.875,46068.0,0,80.833,37
21.176306944340467,0,4376.875,46068.0,0,80.833,37
21.27763600088656,0,4376.875,46068.0,0,80.833,37
21.37960910052061,0,4376.875,46068.0,0,80.833,37
21.49164747260511,0,4376.875,46068.0,0,80.807,37
21.605611264705658,0,4376.875,46068.0,0,80.807,37
21.708494752645493,0,4376.875,46068.0,0,80.807,37
21.808995759114623,0,4376.875,46068.0,0,80.807,37
21.92284613288939,0,4376.875,46068.0,0,80.807,37
22.02365307882428,0,4376.875,46068.0,0,80.807,37
22.12760434485972,0,4376.875,46068.0,0,80.807,37
22.23310738801956,0,4376.875,46068.0,0,80.807,37
22.335830938071012,0,4376.875,46068.0,0,80.807,37
22.437076568603516,0,4376.875,46068.0,0,80.807,37
22.538547476753592,0,4376.875,46068.0,0,80.807,37
22.670176232233644,0,4376.875,46068.0,0,80.807,37
22.77589737251401,0,4376.875,46068.0,0,80.807,37
22.87765136361122,0,4376.875,46068.0,0,80.807,37
22.97890641912818,0,4376.875,46068.0,0,80.807,37
23.081088619306684,0,4376.875,46068.0,0,80.807,37
23.18391653522849,0,4376.875,46068.0,0,80.807,37
23.286613838747144,0,4376.875,46068.0,0,80.807,37
23.38735119998455,0,4376.875,46068.0,0,80.807,37
23.488502027466893,0,4376.875,46068.0,0,80.833,37
23.591801339760423,0,4376.875,46068.0,0,80.833,37
23.69444545917213,0,4376.875,46068.0,0,80.833,37
23.79605370387435,0,4376.875,46068.0,0,80.833,37
23.90235106833279,0,4376.875,46068.0,0,80.833,37
24.003492141142488,0,4376.875,46068.0,0,80.833,37
24.104525063186884,0,4376.875,46068.0,0,80.833,37
24.208599273115396,0,4376.875,46068.0,0,80.833,37
24.31042461283505,0,4376.875,46068.0,0,80.833,37
24.412793781608343,0,4376.875,46068.0,0,80.833,37
24.513995237648487,0,4376.875,46068.0,0,80.738,37
24.615863459184766,0,4376.875,46068.0,0,80.738,37
24.71607088856399,0,4376.875,46068.0,0,80.752,37
24.836564872413874,0,4376.875,46068.0,0,80.831,38
24.952011920511723,0,4376.875,46068.0,0,80.882,38
25.08457817696035,0,4376.875,46068.0,0,80.963,38
25.202633652836084,0,4376.875,46068.0,0,80.983,38
25.30967099033296,0,4376.875,46068.0,0,81.014,38
25.424523159861565,0,4376.875,46068.0,0,81.042,38
25.569876255467534,0,4376.875,46068.0,0,81.532,38
25.700929641723633,0,4376.875,46068.0,0,81.557,38
25.803078051656485,0,4376.875,46068.0,0,81.556,38
25.910533336922526,0,4376.875,46068.0,0,81.516,38
26.352579660713673,0,4376.875,46068.0,0,81.504,38
26.456216173246503,0,4376.875,46068.0,0,81.504,38
26.563265919685364,0,4376.875,46068.0,0,81.504,38
26.664803728461266,0,4376.875,46068.0,0,81.504,38
26.773772664368153,0,4376.875,46068.0,0,81.504,38
26.87674904242158,0,4376.875,46068.0,0,81.504,38
27.188378512859344,0,4376.875,46068.0,0,80.873,38
27.30893605016172,0,4376.875,46068.0,0,80.873,38
27.424406971782446,0,4376.875,46068.0,0,80.873,38
27.544969208538532,0,4376.875,46068.0,0,80.873,38
27.743498127907515,0,4376.875,46068.0,0,80.873,38
27.856754520907998,0,4376.875,46068.0,0,80.873,38
27.964268842712045,0,4376.875,46068.0,0,80.873,38
28.075249414891005,0,4376.875,46068.0,0,80.873,38
28.1815165001899,0,4376.875,46068.0,0,80.807,38
28.28887514770031,0,4376.875,46068.0,0,80.807,38
28.39630447141826,0,4376.875,46068.0,0,80.807,38
28.502723475918174,0,4376.875,46068.0,0,80.807,38
28.608908811584115,0,4376.875,46068.0,0,80.807,38
28.715273655951023,0,4376.875,46068.0,0,80.807,38
28.821810064837337,0,4376.875,46068.0,0,80.807,38
28.92962492443621,0,4376.875,46068.0,0,80.807,38
29.033837109804153,0,4376.875,46068.0,0,80.807,38
29.144753236323595,0,4376.875,46068.0,0,80.807,38
29.25204792805016,0,4376.875,46068.0,0,80.807,38
29.35704809986055,0,4376.875,46068.0,0,80.807,38
29.47746055945754,0,4376.875,46068.0,0,80.807,38
29.592834120616317,0,4376.875,46068.0,0,80.807,38
29.708248088136315,0,4376.875,46068.0,0,80.807,38
29.82872332073748,0,4376.875,46068.0,0,80.807,38
29.944157630205154,0,4376.875,46068.0,0,80.807,38
30.07000944018364,0,4376.875,46068.0,0,80.807,38
30.19550507888198,0,4376.875,46068.0,0,80.929,38
30.305928187444806,0,4376.875,46068.0,0,80.929,38
30.43145974725485,0,4376.875,46068.0,0,80.929,38
30.551943723112345,0,4376.875,46068.0,0,80.929,38
30.67748366855085,0,4376.875,46068.0,0,80.929,38
30.79795180261135,0,4376.875,46068.0,0,80.929,38
30.91844530403614,0,4376.875,46068.0,0,80.929,38
31.030337328091264,0,4376.875,46068.0,0,80.929,38
31.13052706979215,0,4376.875,46068.0,0,80.929,38
31.24849870055914,0,4376.875,46068.0,0,80.952,38
31.368594648316503,0,4376.875,46068.0,0,80.952,38
31.49408369511366,0,4376.875,46068.0,0,80.952,38
31.615810070186853,0,4376.875,46068.0,0,80.952,38
31.742458660155535,0,4376.875,46068.0,0,80.952,38
31.862948266789317,0,4376.875,46068.0,0,80.952,38
31.991473991423845,0,4376.875,46068.0,0,81.015,38
32.10729882493615,0,4376.875,46068.0,0,81.043,38
32.22729840874672,0,4376.875,46068.0,0,81.058,38
32.35283809155226,0,4376.875,46068.0,0,81.288,38
32.47838222049177,0,4376.875,46068.0,0,81.357,38
32.605163691565394,0,4376.875,46068.0,0,81.373,38
32.73516560345888,0,4376.875,46068.0,0,81.397,38
32.85866706073284,0,4376.875,46068.0,0,81.421,38
32.98509072512388,0,4376.875,46068.0,0,81.421,38
33.10115730948746,0,4376.875,46068.0,0,81.421,38
33.230958012863994,0,4376.875,46068.0,0,81.421,38
33.356484876945615,0,4376.875,46068.0,0,81.421,38
33.482035256922245,0,4376.875,46068.0,0,81.421,38
33.58225571550429,0,4376.875,46068.0,0,81.268,38
33.68249708414078,0,4376.875,46068.0,0,81.268,38
33.782765263691545,0,4376.875,46068.0,0,81.278,38
33.882994528859854,0,4376.875,46068.0,0,81.26,38
33.983215656131506,0,4376.875,46068.0,0,81.288,38
34.08897823095322,0,4376.875,46068.0,0,81.345,38
34.19117712602019,0,4376.875,46068.0,0,81.366,38
34.29657550342381,0,4376.875,46068.0,0,81.374,38
34.91761006042361,0,4376.875,46068.0,0,81.631,38
35.03304457291961,0,4376.875,46068.0,0,81.621,38
35.13343255966902,0,4376.875,46068.0,0,81.621,38
35.2335989382118,0,4376.875,46068.0,0,83.649,38
35.333743603900075,97,4376.875,46068.0,100,94.034,39
35.433880468830466,97,4094.875,46068.0,100,104.664,40
35.53402120806277,78,4094.875,46068.0,76,117.654,40
35.6342248711735,78,4094.875,46068.0,76,131.357,41
35.73438450880349,91,4094.875,46068.0,88,145.151,42
35.834531078115106,91,4094.875,46068.0,88,158.989,42
35.93467133678496,90,4094.875,46068.0,87,172.842,42
36.034808872267604,90,4094.875,46068.0,87,186.516,42
36.13500529527664,90,4094.875,46068.0,87,200.22,42
36.23517384566367,90,4094.875,46068.0,87,224.038,43
36.33540786616504,90,4094.875,46068.0,87,226.493,43
36.435967072844505,90,4094.875,46068.0,87,230.505,43
36.53654850833118,90,4094.875,46068.0,87,234.339,43
36.63706571236253,90,4094.875,46068.0,87,235.767,43
36.737286772578955,90,4094.875,46068.0,87,236.244,43
36.83749461174011,90,4094.875,46068.0,87,236.691,43
36.93770153261721,91,4094.875,46068.0,87,236.984,43
37.03791944682598,91,4094.875,46068.0,87,237.307,43
37.13810067623854,90,4320.875,46068.0,87,237.682,43
37.238235145807266,90,4320.875,46068.0,87,250.677,43
37.338434444740415,90,4320.875,46068.0,86,250.449,44
37.438643243163824,90,4320.875,46068.0,86,249.919,44
37.53879667446017,90,4320.875,46068.0,87,249.552,44
37.638938223943114,90,4320.875,46068.0,87,249.049,44
37.73915273696184,91,4320.875,46068.0,87,248.585,44
37.839369017630816,91,4320.875,46068.0,87,248.308,44
37.93957434408367,91,4320.875,46068.0,87,248.154,44
38.03977910988033,91,4320.875,46068.0,87,248.01,44
38.13999605178833,91,4320.875,46068.0,88,247.693,44
38.2402176335454,91,4320.875,46068.0,88,247.529,44
38.34393643215299,91,4320.875,46068.0,87,234.637,44
38.44415799155831,91,4320.875,46068.0,87,234.835,44
38.54436216875911,90,4320.875,46068.0,87,234.702,44
38.644562566652894,90,4320.875,46068.0,87,234.406,44
38.74472516775131,91,4388.875,46068.0,87,234.237,44
38.84493167512119,91,4388.875,46068.0,87,226.171,44
38.94513908587396,94,4388.875,46068.0,71,222.996,48
39.04530940018594,94,4388.875,46068.0,71,222.487,44
39.145518431439996,91,4388.875,46068.0,87,222.929,44
39.24572287686169,91,4388.875,46068.0,87,223.335,44
39.34592558816075,91,4388.875,46068.0,87,223.829,44
39.446079067885876,91,4388.875,46068.0,87,224.468,45
39.546288130804896,91,4388.875,46068.0,87,224.955,45
39.646488819271326,91,4388.875,46068.0,87,225.411,45
39.74669113941491,91,4388.875,46068.0,87,226.017,45
39.84689308330417,91,4388.875,46068.0,87,226.563,45
39.947097247466445,91,4388.875,46068.0,87,234.958,45
40.04723023623228,91,4388.875,46068.0,87,238.478,45
40.14742789044976,91,4388.875,46068.0,88,239.052,45
40.247630804777145,91,4388.875,46068.0,88,238.756,45
40.347833935171366,91,4388.875,46068.0,87,238.584,45
40.44799008779228,91,4128.875,46068.0,87,238.266,45
40.548199782148004,90,4432.875,46068.0,84,237.795,45
40.64840452745557,90,4432.875,46068.0,84,235.864,49
40.748605627566576,91,4432.875,46068.0,87,235.704,45
40.848808920010924,91,4432.875,46068.0,87,235.419,45
40.949012434110045,91,4432.875,46068.0,87,235.132,45
41.04922390729189,91,4432.875,46068.0,87,235.123,45
41.14944181591272,91,4432.875,46068.0,87,234.999,45
41.24965156801045,91,4432.875,46068.0,87,234.77,45
41.34985649213195,91,4432.875,46068.0,87,234.638,45
41.45005603134632,91,4432.875,46068.0,87,235.154,45
41.55026490800083,91,4432.875,46068.0,87,235.723,45
41.65047571249306,91,4432.875,46068.0,87,236.394,45
41.75067936629057,91,4432.875,46068.0,87,238.73,46
41.85083694010973,91,4432.875,46068.0,87,239.098,46
41.951032783836126,91,4432.875,46068.0,87,239.597,46
42.05124108493328,91,4432.875,46068.0,87,240.09,46
42.15137633681297,91,4384.875,46068.0,88,240.394,46
42.25159506313503,91,4384.875,46068.0,88,231.419,46
42.35184117220342,94,4384.875,46068.0,72,229.864,50
42.45205029286444,94,4384.875,46068.0,72,229.608,46
42.552238112315536,90,4384.875,46068.0,87,229.255,46
42.65237453579903,90,4384.875,46068.0,87,229.079,46
42.7525689676404,91,4384.875,46068.0,87,229.021,46
42.85272149555385,91,4384.875,46068.0,87,228.749,46
42.95292598940432,91,4384.875,46068.0,87,228.75,46
43.05314811132848,91,4384.875,46068.0,87,228.602,46
43.1533595751971,91,4384.875,46068.0,87,228.47,46
43.25357035174966,91,4384.875,46068.0,87,228.279,46
43.35378306731582,91,4384.875,46068.0,87,237.504,46
43.45392848551273,91,4384.875,46068.0,87,239.583,46
43.55406177602708,91,4384.875,46068.0,88,240.136,46
43.654232047498226,91,4384.875,46068.0,88,240.144,46
43.75439130887389,91,4372.875,46068.0,87,239.981,46
43.85459967888892,91,4432.875,46068.0,87,239.612,46
43.95480879954994,87,4432.875,46068.0,58,238.047,46
44.055019084364176,87,4432.875,46068.0,58,237.758,46
44.15524745546281,91,4432.875,46068.0,87,237.58,46
44.25546460784972,91,4432.875,46068.0,87,237.424,46
44.355714082717896,91,4432.875,46068.0,87,237.35,46
44.45598231256008,91,4432.875,46068.0,87,237.343,46
44.55634464323521,91,4432.875,46068.0,88,237.329,47
44.65671573765576,91,4432.875,46068.0,88,237.292,47
44.75711037777364,91,4432.875,46068.0,87,237.358,47
44.8575122281909,91,4432.875,46068.0,87,237.358,47
44.957945404574275,91,4432.875,46068.0,87,237.322,47
45.0583906006068,91,4432.875,46068.0,87,238.687,47
45.15883411280811,91,4432.875,46068.0,87,238.643,47
45.25927859544754,91,4432.875,46068.0,87,238.784,47
45.359458826482296,91,4384.875,46068.0,87,239.491,47
45.459610022604465,91,4384.875,46068.0,87,234.906,51
45.55974348075688,94,4384.875,46068.0,72,233.1,47
45.65988440066576,94,4384.875,46068.0,72,232.775,47
45.760020134970546,89,4384.875,46068.0,85,232.32,47
45.860230818390846,89,4384.875,46068.0,85,232.539,47
45.96133591979742,91,4384.875,46068.0,87,232.953,47
46.061552634462714,91,4384.875,46068.0,87,233.371,47
46.161760684102774,91,4384.875,46068.0,87,233.71,47
46.2619716078043,91,4384.875,46068.0,87,233.968,47
46.362123815342784,91,4384.875,46068.0,87,234.167,47
46.46225615404546,91,4384.875,46068.0,87,233.851,47
46.56246307119727,91,4384.875,46068.0,87,238.613,47
46.66268005594611,91,4384.875,46068.0,87,240.543,47
46.76305216178298,91,4384.875,46068.0,88,240.808,47
46.863542683422565,91,4384.875,46068.0,88,241.336,47
46.964019728824496,91,4384.875,46068.0,87,241.086,47
47.06418029777706,91,4098.875,46068.0,87,240.563,47
47.16436472348869,91,4114.875,46068.0,87,240.269,46
47.264495147392154,91,4114.875,46068.0,87,249.321,47
47.3647016659379,80,4114.875,46068.0,71,248.651,47
47.46491277217865,80,4114.875,46068.0,71,248.209,47
47.56512208469212,91,4114.875,46068.0,88,247.605,47
47.665331145748496,91,4114.875,46068.0,88,247.186,48
47.765485936775804,91,4114.875,46068.0,87,246.766,48
47.86587079241872,91,4114.875,46068.0,87,246.995,48
47.96608896739781,91,4114.875,46068.0,87,247.452,48
48.066294584423304,91,4114.875,46068.0,87,247.769,48
48.166744608432055,90,4114.875,46068.0,87,248.13,48
48.266939997673035,90,4114.875,46068.0,87,248.365,48
48.36716287210584,91,4114.875,46068.0,88,239.226,48
48.46737359650433,91,4114.875,46068.0,88,239.799,48
48.567582707852125,90,4114.875,46068.0,87,239.932,48
48.66779071837664,90,4114.875,46068.0,87,240.792,48
48.76800921559334,90,4114.875,46068.0,87,241.498,48
48.86818307451904,90,4390.875,46068.0,87,242.096,48
48.96839067339897,91,4390.875,46068.0,88,242.119,52
49.06860515475273,91,4390.875,46068.0,88,239.227,48
49.16881079226732,91,4390.875,46068.0,88,238.772,48
49.26902291737497,91,4390.875,46068.0,88,238.132,48
49.369243355467916,90,4390.875,46068.0,87,237.58,48
49.46943948045373,90,4390.875,46068.0,87,238.013,48
49.56965156830847,91,4390.875,46068.0,87,238.448,48
49.66981745325029,91,4390.875,46068.0,87,238.867,48
49.76995165459812,90,4390.875,46068.0,87,238.633,48
49.87016502395272,90,4390.875,46068.0,87,238.39,48
49.97037713043392,91,4390.875,46068.0,88,238.168,48
50.07052335888147,91,4390.875,46068.0,88,237.909,48
50.17086538858712,91,4390.875,46068.0,87,240.38,48
50.27108543552458,91,4390.875,46068.0,87,241.101,48
50.371293587610126,90,4390.875,46068.0,87,242.124,48
50.47150697559118,90,4390.875,46068.0,87,243.021,48
50.57171932421625,91,4390.875,46068.0,87,242.971,48
50.6718626357615,91,4380.875,46068.0,87,242.846,48
50.77199675515294,85,4380.875,46068.0,75,236.37,53
50.87212592922151,85,4380.875,46068.0,75,232.289,48
50.97227084636688,90,4380.875,46068.0,87,232.127,49
51.072522984817624,90,4380.875,46068.0,87,232.245,49
51.17274024896324,91,4380.875,46068.0,87,232.401,49
51.27295354567468,91,4380.875,46068.0,87,232.616,49
51.37310200743377,91,4380.875,46068.0,88,232.32,49
51.47329959273338,91,4380.875,46068.0,88,231.519,49
51.57377942837775,87,4380.875,46068.0,84,231.211,49
51.673928340896964,87,4380.875,46068.0,84,230.974,49
51.77406550385058,91,4380.875,46068.0,88,230.798,49
51.874219631776214,91,4380.875,46068.0,88,236.978,49
51.9744232557714,90,4380.875,46068.0,87,240.721,49
52.07457763329148,90,4380.875,46068.0,87,241.334,49
52.17478261888027,90,4380.875,46068.0,87,241.621,49
52.274938348680735,90,4176.875,46068.0,87,241.937,49
52.37507309950888,90,4380.875,46068.0,87,242.084,48
52.47524243965745,90,4380.875,46068.0,87,248.557,49
52.57544889673591,90,4380.875,46068.0,86,248.477,49
52.67566115222871,90,4380.875,46068.0,86,248.321,49
52.77587237581611,91,4380.875,46068.0,87,248.138,49
52.876068798825145,91,4380.875,46068.0,87,248.05,49
52.97627831995487,91,4380.875,46068.0,88,248.073,49
53.07648596726358,91,4380.875,46068.0,88,248.11,49
53.17671583034098,91,4380.875,46068.0,87,247.351,49
53.27700355835259,91,4380.875,46068.0,87,247.462,49
53.37721807695925,90,4380.875,46068.0,87,247.507,49
53.477426728233695,90,4380.875,46068.0,87,247.535,49
53.577642088755965,90,4380.875,46068.0,87,241.239,49
53.67784736119211,90,4468.875,46068.0,87,241.908,49
53.77806001715362,86,4468.875,46068.0,67,256.2,51
53.87827768176794,86,4468.875,46068.0,67,253.616,50
53.97848880663514,91,4468.875,46068.0,88,253.373,50
54.078637616708875,91,4468.875,46068.0,88,252.974,49
54.17884619534016,91,4468.875,46068.0,87,252.723,49
54.278992131352425,91,4468.875,46068.0,87,253.682,50
54.379178719595075,90,4468.875,46068.0,87,253.416,50
54.47966475598514,90,4468.875,46068.0,87,252.937,50
54.57982127554715,91,4468.875,46068.0,87,252.937,50
54.68002855591476,91,4468.875,46068.0,87,252.465,50
54.78024620749056,91,4468.875,46068.0,87,239.671,50
54.88045830465853,90,4468.875,46068.0,87,241.227,50
54.98066464997828,90,4468.875,46068.0,87,242.038,50
55.080875212326646,90,4468.875,46068.0,87,242.914,50
55.18102258257568,90,4468.875,46068.0,87,243.606,50
55.28117630816996,91,4468.875,46068.0,88,243.14,50
55.381367184221745,91,4348.875,46068.0,88,254.488,51
55.48151766695082,91,4348.875,46068.0,80,253.413,50
55.581720136106014,91,4348.875,46068.0,80,252.812,50
55.68253350071609,91,4348.875,46068.0,87,252.324,50
55.78274199180305,91,4348.875,46068.0,87,251.906,50
55.882951121777296,90,4348.875,46068.0,87,251.945,50
55.98322591930628,90,4348.875,46068.0,87,251.916,50
56.08345962874591,90,4348.875,46068.0,87,251.724,50
56.1836699526757,90,4348.875,46068.0,87,251.483,50
56.283881755545735,90,4348.875,46068.0,87,251.255,50
56.38403088785708,90,4348.875,46068.0,87,250.998,50
56.48425229638815,91,4348.875,46068.0,87,239.312,50
56.58446230739355,91,4348.875,46068.0,87,240.16,50
56.68461291119456,91,4348.875,46068.0,87,240.505,50
56.78482340462506,91,4348.875,46068.0,87,241.537,50
56.88497363589704,90,4348.875,46068.0,87,242.422,50
56.98510576412082,90,4348.875,46068.0,87,242.755,50
57.08522972650826,83,4436.875,46068.0,74,237.583,50
57.185360008850694,83,4436.875,46068.0,74,236.36,51
57.28548789769411,91,4436.875,46068.0,87,236.431,51
57.385692082345486,91,4436.875,46068.0,87,236.499,50
57.48585896752775,91,4436.875,46068.0,88,236.567,50
57.58607400022447,91,4436.875,46068.0,88,236.614,51
57.68626003526151,90,4436.875,46068.0,87,236.686,51
57.786471428349614,90,4436.875,46068.0,87,236.686,51
57.88662314414978,90,4436.875,46068.0,87,236.628,51
57.98683124408126,90,4436.875,46068.0,87,236.731,51
58.086978521198034,91,4436.875,46068.0,87,236.738,51
58.187193140387535,91,4436.875,46068.0,87,241.887,51
58.287402883172035,91,4436.875,46068.0,88,243.057,51
58.38761196471751,91,4436.875,46068.0,88,242.911,51
58.48789971135557,90,4436.875,46068.0,87,242.814,51
58.588039660826325,90,4436.875,46068.0,87,243.424,51
58.688249511644244,90,4436.875,46068.0,87,244.079,51
58.78844936750829,90,4374.875,46068.0,87,244.705,54
58.88866275548935,88,4374.875,46068.0,59,242.733,51
58.98881905525923,88,4374.875,46068.0,59,241.975,51
59.08895335532725,91,4374.875,46068.0,87,241.953,51
59.18939369171858,91,4374.875,46068.0,87,241.74,51
59.28954535536468,90,4374.875,46068.0,87,241.703,51
59.38974900916219,90,4374.875,46068.0,87,241.647,51
59.48989837244153,91,4374.875,46068.0,88,241.671,51
59.59009128808975,91,4374.875,46068.0,88,241.607,51
59.69116238877177,91,4374.875,46068.0,87,240.85,51
59.79136955551803,91,4374.875,46068.0,87,240.173,51
59.891516994684935,91,4374.875,46068.0,87,240.135,51
59.99172333069146,91,4374.875,46068.0,87,242.726,51
60.09197195060551,90,4374.875,46068.0,87,243.402,51
60.19229366071522,90,4374.875,46068.0,87,243.108,51
60.29253430850804,90,4374.875,46068.0,87,243.049,51
60.392747214064,90,4374.875,46068.0,87,242.917,51
60.49294729158282,82,4374.875,46068.0,74,234.637,55
60.59309503994882,82,4374.875,46068.0,74,232.958,51
60.69354938715696,91,4374.875,46068.0,87,232.964,51
60.79375632479787,91,4374.875,46068.0,87,233.14,51
60.893968280404806,90,4374.875,46068.0,87,233.11,51
60.994119975715876,90,4374.875,46068.0,87,232.5,51
61.09455233998597,90,4374.875,46068.0,87,232.404,51
61.19472655840218,90,4374.875,46068.0,87,232.33,51
61.294930720701814,90,4374.875,46068.0,87,232.374,51
61.395183658227324,90,4374.875,46068.0,87,232.535,51
61.4953957721591,91,4374.875,46068.0,88,232.638,51
61.59554621577263,91,4374.875,46068.0,88,240.895,51
61.695794915780425,91,4374.875,46068.0,87,242.537,52
61.79594308696687,91,4374.875,46068.0,87,243.068,52
61.89607736468315,90,4374.875,46068.0,87,243.561,52
61.996215088292956,90,4374.875,46068.0,87,244.194,52
62.09666026197374,90,4374.875,46068.0,87,244.76,52
62.19683191552758,90,4114.875,46068.0,87,244.768,52
62.29704242013395,80,4452.875,46068.0,63,254.036,54
62.39752280525863,80,4452.875,46068.0,63,252.454,52
62.49779838696122,91,4452.875,46068.0,88,252.159,52
62.59800671599805,91,4452.875,46068.0,88,251.845,52
62.69849518314004,91,4452.875,46068.0,87,251.587,52
62.798709532245994,91,4452.875,46068.0,87,252.176,52
62.89892168715596,90,4452.875,46068.0,87,252.183,52
62.999080231413245,90,4452.875,46068.0,87,251.956,52
63.0992223136127,90,4452.875,46068.0,87,251.764,52
63.19942555576563,90,4452.875,46068.0,87,251.617,52
63.29961656033993,91,4452.875,46068.0,87,251.352,52
63.39985389262438,91,4452.875,46068.0,87,241.774,52
63.50008452683687,90,4452.875,46068.0,87,243.784,52
63.60023836418986,90,4452.875,46068.0,87,244.41,52
63.70044703409076,90,4452.875,46068.0,87,245.056,52
63.80065827816725,90,4452.875,46068.0,87,245.653,52
63.900822972878814,91,4452.875,46068.0,88,245.387,52
64.00102503225207,91,4452.875,46068.0,88,243.908,56
64.10127277113497,88,4452.875,46068.0,61,241.641,52
64.2019886597991,88,4452.875,46068.0,61,241.788,52
64.30220607295632,91,4452.875,46068.0,87,242.076,52
64.4024850986898,91,4452.875,46068.0,87,242.135,52
64.50273659266531,90,4452.875,46068.0,87,242.342,52
64.60294962860644,90,4452.875,46068.0,87,241.849,52
64.7030993513763,91,4452.875,46068.0,87,241.385,52
64.8033292517066,91,4452.875,46068.0,87,240.826,52
64.90346174873412,90,4452.875,46068.0,87,241.128,52
65.00368197634816,90,4452.875,46068.0,87,241.304,52
65.10383056662977,90,4452.875,46068.0,87,242.798,52
65.20403608120978,90,4452.875,46068.0,87,245.307,52
65.30425438657403,91,4452.875,46068.0,88,245.197,52
65.40473844856024,91,4452.875,46068.0,88,244.91,52
65.50495430827141,90,4452.875,46068.0,87,244.85,52
65.60510364919901,90,4452.875,46068.0,87,245.535,52
65.70570210367441,91,4244.875,46068.0,87,246.198,53
65.80591721273959,91,4348.875,46068.0,87,246.424,56
65.90612916834652,93,4348.875,46068.0,74,244.991,53
66.00638335570693,93,4348.875,46068.0,74,244.254,53
66.10659470036626,91,4348.875,46068.0,87,243.577,53
66.20679448731244,91,4348.875,46068.0,87,242.862,53
66.30694380030036,90,4348.875,46068.0,87,242.251,53
66.40709202736616,90,4348.875,46068.0,87,242.414,53
66.50723459012806,91,4348.875,46068.0,87,242.569,53
66.60744625329971,91,4348.875,46068.0,87,242.834,53
66.7076577488333,91,4348.875,46068.0,87,242.076,53
66.80781046487391,91,4348.875,46068.0,87,241.37,53
66.90794327296317,91,4348.875,46068.0,87,241.092,53
67.00807973369956,91,4348.875,46068.0,87,242.534,53
67.10829355195165,90,4348.875,46068.0,87,243.14,53
67.20849683322012,90,4348.875,46068.0,87,243.87,53
67.30870771594346,90,4348.875,46068.0,87,244.497,53
67.40889458358288,90,4348.875,46068.0,87,245.034,53
67.50908244401217,91,4446.875,46068.0,88,244.914,53
67.60929445922375,91,4446.875,46068.0,88,257.224,53
67.70949672721326,90,4446.875,46068.0,85,256.303,53
67.8097063601017,90,4446.875,46068.0,85,256.502,53
67.90987504087389,91,4446.875,46068.0,88,256.243,53
68.01036285981536,91,4446.875,46068.0,88,256.109,53
68.1105764452368,90,4446.875,46068.0,87,256.064,53
68.21079800464213,90,4446.875,46068.0,87,255.465,53
68.31094981916249,91,4446.875,46068.0,87,255.619,53
68.41108362004161,91,4446.875,46068.0,87,255.706,53
68.51125171780586,91,4446.875,46068.0,87,255.705,53
68.6114252768457,91,4380.875,46068.0,87,255.706,53
68.71190405078232,88,4380.875,46068.0,64,256.192,54
68.81207892857492,88,4380.875,46068.0,64,256.582,53
68.91222235187888,90,4380.875,46068.0,87,256.589,53
69.01242984086275,90,4380.875,46068.0,87,257.008,53
69.11265603639185,91,4380.875,46068.0,87,257.342,53
69.21287120692432,91,4380.875,46068.0,87,257.628,53
69.3130195569247,91,4380.875,46068.0,87,257.695,53
69.4131594337523,91,4380.875,46068.0,87,257.027,53
69.51336584053934,91,4380.875,46068.0,87,257.19,53
69.61357650347054,91,4380.875,46068.0,87,257.441,53
69.71373435854912,91,4380.875,46068.0,87,257.598,53
69.8140022456646,91,4380.875,46068.0,87,244.861,53
69.91422578878701,91,4380.875,46068.0,87,245.458,54
70.01443839631975,91,4380.875,46068.0,87,245.304,54
70.11465168185532,91,4380.875,46068.0,87,245.159,54
70.2148648686707,91,4380.875,46068.0,87,245.233,54
70.31504164077342,90,4364.875,46068.0,87,245.861,54
70.41519426740706,90,4364.875,46068.0,87,257.287,55
70.51539924181998,91,4364.875,46068.0,78,256.884,54
70.61554839275777,91,4364.875,46068.0,78,255.792,54
70.71575455926359,90,4364.875,46068.0,87,255.248,54
70.8159111123532,90,4364.875,46068.0,87,254.806,54
70.91644124127924,91,4364.875,46068.0,87,254.372,54
71.01673839613795,91,4364.875,46068.0,87,253.93,54
71.11689208261669,90,4364.875,46068.0,87,253.806,54
71.21710345521569,90,4364.875,46068.0,87,254.24,54
71.3172661587596,90,4364.875,46068.0,87,254.394,54
71.41747341677547,90,4364.875,46068.0,87,253.915,54
71.51768582127988,91,4364.875,46068.0,88,242.797,54
71.61790272407234,91,4364.875,46068.0,88,244.119,54
71.71805392764509,90,4364.875,46068.0,87,244.025,54
71.8182293009013,90,4364.875,46068.0,87,244.753,54
71.91845322027802,90,4364.875,46068.0,87,245.438,54
72.01860279217362,90,4364.875,46068.0,87,246.057,54
72.11878919042647,90,4380.875,46068.0,87,246.596,54
72.21894144639373,90,4380.875,46068.0,87,259.934,54
72.31915809772909,91,4380.875,46068.0,84,258.566,54
72.41936587542295,91,4380.875,46068.0,84,258.617,54
72.51959771290421,90,4380.875,46068.0,87,258.721,54
72.61978140473366,90,4380.875,46068.0,87,258.686,54
72.71998910419643,91,4380.875,46068.0,87,258.695,54
72.82013668119907,91,4380.875,46068.0,87,258.77,54
72.92027882114053,90,4380.875,46068.0,87,258.024,54
73.02048657275736,90,4380.875,46068.0,87,257.48,54
73.12070274166763,90,4380.875,46068.0,87,257.583,54
73.22091562859714,90,4380.875,46068.0,87,257.693,54
73.32107171043754,90,4380.875,46068.0,87,244.827,54
73.42121221870184,90,4380.875,46068.0,87,246.114,54
73.52173284441233,91,4380.875,46068.0,88,245.922,54
73.62193897925317,91,4390.875,46068.0,88,245.656,55
73.72211477160454,87,4390.875,46068.0,58,246.559,54
73.82224847003818,87,4390.875,46068.0,58,246.117,54
73.92269082926214,90,4390.875,46068.0,87,245.88,54
74.02285129763186,90,4390.875,46068.0,87,245.728,54
74.12306474335492,90,4390.875,46068.0,87,246.104,54
74.22328146733344,90,4390.875,46068.0,87,245.971,54
74.32349259220064,91,4390.875,46068.0,87,245.839,54
74.42369996756315,91,4390.875,46068.0,87,245.684,54
74.52384757809341,91,4390.875,46068.0,88,245.574,54
74.62398141622543,91,4390.875,46068.0,88,245.5,54
74.72412094473839,90,4390.875,46068.0,87,245.552,55
74.8243754003197,90,4390.875,46068.0,87,245.151,55
74.92454908043146,90,4390.875,46068.0,87,246.02,55
75.02474753372371,90,4390.875,46068.0,87,246.676,55
75.12496267445385,91,4326.875,46068.0,87,247.293,58
75.22517633251846,91,4326.875,46068.0,87,245.894,55
75.32541119121015,90,4326.875,46068.0,87,245.718,55
75.42562768422067,90,4326.875,46068.0,87,245.68,55
75.52584055997431,91,4326.875,46068.0,87,245.29,55
75.62605533748865,91,4326.875,46068.0,87,245.003,55
75.72621342353523,91,4326.875,46068.0,87,244.804,55
75.82642037048936,91,4326.875,46068.0,87,244.555,55
75.92662402428687,91,4326.875,46068.0,87,244.393,55
76.02805774472654,91,4326.875,46068.0,87,244.209,55
76.12827757187188,91,4326.875,46068.0,87,244.061,55
76.2284271325916,91,4326.875,46068.0,87,243.886,55
76.32863459177315,91,4326.875,46068.0,87,245.123,55
76.42883740365505,91,4326.875,46068.0,87,245.005,55
76.52898589149117,91,4326.875,46068.0,87,244.76,55
76.6291317474097,91,4326.875,46068.0,87,244.9,55
76.729341680184,91,4390.875,46068.0,87,245.099,55
76.8295537661761,91,4390.875,46068.0,87,255.597,56
76.92999804019928,92,4390.875,46068.0,77,254.474,55
77.03044652752578,92,4390.875,46068.0,77,254.393,55
77.13075883127749,91,4390.875,46068.0,87,254.386,55
77.23091038875282,91,4390.875,46068.0,87,254.327,55
77.3310515563935,90,4390.875,46068.0,87,254.311,55
77.43126964010298,90,4390.875,46068.0,87,254.253,55
77.53148218616843,91,4390.875,46068.0,87,254.215,55
77.63178536854684,91,4390.875,46068.0,87,254.197,55
77.73193774372339,91,4390.875,46068.0,87,254.969,55
77.8320726044476,91,4390.875,46068.0,87,255.47,55
77.93227452412248,90,4390.875,46068.0,87,245.648,55
78.03244603797793,90,4390.875,46068.0,87,247.477,55
78.13258374296129,91,4390.875,46068.0,88,247.346,55
78.23269331455231,91,4390.875,46068.0,88,247.213,55
78.3328217137605,91,4452.875,46068.0,87,247.059,57
78.43294996395707,91,4452.875,46068.0,87,248.923,55
78.53308052755892,90,4452.875,46068.0,86,248.959,55
78.63321819156408,90,4452.875,46068.0,86,249.372,55
78.7336043883115,90,4452.875,46068.0,87,249.695,55
78.83377889543772,90,4452.875,46068.0,87,249.196,55
78.93420313857496,90,4452.875,46068.0,87,248.562,55
79.03446941450238,90,4452.875,46068.0,87,247.988,55
79.13461773470044,90,4452.875,46068.0,87,247.635,55
79.23482692427933,90,4452.875,46068.0,87,247.958,56
79.3349807728082,90,4452.875,46068.0,87,248.245,56
79.43511397205293,90,4452.875,46068.0,87,248.518,56
79.53524611517787,91,4452.875,46068.0,88,246.727,56
79.63545168191195,91,4452.875,46068.0,88,246.741,56
79.7356021758169,90,4452.875,46068.0,87,246.373,56
79.83580576814711,90,4358.875,46068.0,87,246.829,54
79.93595779128373,87,4358.875,46068.0,57,247.443,56
80.0362073238939,87,4358.875,46068.0,57,246.581,56
80.13643804751337,90,4358.875,46068.0,87,246.919,56
80.23665169626474,90,4358.875,46068.0,87,246.728,56
80.33687027916312,91,4358.875,46068.0,87,246.235,56
80.43702155351639,91,4358.875,46068.0,87,245.727,56
80.53716059960425,91,4358.875,46068.0,87,245.542,56
80.63736703619361,91,4358.875,46068.0,87,245.749,56
80.737582847476,90,4358.875,46068.0,87,245.963,56
80.83783859759569,90,4358.875,46068.0,87,246.22,56
80.93810780718923,91,4358.875,46068.0,87,245.61,56
81.03826423920691,91,4358.875,46068.0,87,245.355,56
81.13847669586539,91,4358.875,46068.0,87,245.983,56
81.23869041353464,91,4358.875,46068.0,87,245.712,56
81.33890392072499,91,4358.875,46068.0,87,246.565,56
81.43905064091086,91,4358.875,46068.0,87,247.094,56
81.53917434252799,91,4452.875,46068.0,87,247.668,56
81.63938173092902,91,4452.875,46068.0,87,240.598,60
81.7395944353193,95,4452.875,46068.0,69,237.622,56
81.83980469964445,95,4452.875,46068.0,69,237.29,56
81.94012429565191,91,4452.875,46068.0,87,236.959,56
82.04038016684353,91,4452.875,46068.0,87,236.759,56
82.14059546589851,91,4452.875,46068.0,87,237.209,56
82.24074500799179,91,4452.875,46068.0,87,237.679,56
82.34087979607284,90,4452.875,46068.0,87,238.163,56
82.44100962765515,90,4452.875,46068.0,87,237.884,56
82.54119488410652,91,4452.875,46068.0,88,237.657,56
82.64133247733116,91,4452.875,46068.0,88,236.456,56
82.74158514477313,90,4452.875,46068.0,87,244.162,56
82.84187528677285,90,4452.875,46068.0,87,247.38,56
82.94202511757612,90,4452.875,46068.0,87,247.925,56
83.04216763935983,90,4452.875,46068.0,87,248.506,56
83.14237442798913,91,4452.875,46068.0,88,249.014,56
83.24258288554847,91,4436.875,46068.0,88,248.683,55
83.34280087985098,86,4436.875,46068.0,56,257.15,56
83.44300979189575,86,4436.875,46068.0,56,256.401,56
83.54325871169567,91,4436.875,46068.0,88,256.085,56
83.64346950314939,91,4436.875,46068.0,88,255.785,56
83.74362134002149,91,4436.875,46068.0,87,256.567,56
83.84382958896458,91,4436.875,46068.0,87,256.287,56
83.94397564604878,91,4436.875,46068.0,87,256.205,56
84.0441079121083,91,4436.875,46068.0,87,256.11,56
84.1442385353148,91,4436.875,46068.0,87,256.013,56
84.24446608312428,91,4436.875,46068.0,87,255.977,56
84.3446276448667,91,4436.875,46068.0,88,255.919,57
84.44483221694827,91,4436.875,46068.0,88,247.113,57
84.54497904330492,90,4436.875,46068.0,87,247.561,57
84.64522483944893,90,4436.875,46068.0,87,248.216,57
84.74543802812696,91,4436.875,46068.0,87,248.981,57
84.84561049193144,91,4390.875,46068.0,87,249.687,57
84.9458196144551,91,4390.875,46068.0,87,249.686,59
85.04596745222807,91,4390.875,46068.0,87,247.852,57
85.14618275128305,91,4390.875,46068.0,87,247.513,57
85.24639332666993,91,4390.875,46068.0,87,247.381,57
85.34660299867392,91,4390.875,46068.0,88,247.219,57
85.44675309956074,91,4390.875,46068.0,88,247.027,57
85.54695707187057,91,4390.875,46068.0,87,246.77,57
85.6472178325057,91,4390.875,46068.0,87,246.651,57
85.74771022424102,91,4390.875,46068.0,87,246.511,57
85.84792069718242,91,4390.875,46068.0,87,246.231,57
85.94807039014995,90,4390.875,46068.0,87,246.003,57
86.04828217625618,90,4390.875,46068.0,87,245.907,57
86.14848947152495,91,4390.875,46068.0,88,247.483,57
86.24870345182717,91,4390.875,46068.0,88,247.52,57
86.34889866039157,91,4390.875,46068.0,87,247.359,57
86.44911477155983,91,4390.875,46068.0,87,248.036,57
86.54925169609487,91,4176.875,46068.0,87,248.632,57
86.64944168739021,91,4374.875,46068.0,87,249.383,59
86.74964678287506,87,4374.875,46068.0,58,249.146,57
86.84982271119952,87,4374.875,46068.0,58,248.307,57
86.95002765767276,91,4374.875,46068.0,87,247.343,57
87.05023626796901,91,4374.875,46068.0,87,246.529,57
87.15044524893165,91,4374.875,46068.0,87,246.595,57
87.2506537977606,91,4374.875,46068.0,87,246.719,57
87.35086493194103,91,4374.875,46068.0,87,246.911,57
87.4510114081204,91,4374.875,46068.0,87,247.065,57
87.55127928778529,91,4374.875,46068.0,88,246.373,57
87.65174273960292,91,4374.875,46068.0,88,245.777,57
87.75199830718338,91,4374.875,46068.0,87,245.226,57
87.85220731049776,91,4374.875,46068.0,87,246.207,57
87.9524193033576,90,4374.875,46068.0,87,247.075,57
88.05256827548146,90,4374.875,46068.0,87,248.163,57
88.15270273573697,90,4374.875,46068.0,87,248.979,57
88.25281943567097,90,4380.875,46068.0,87,248.854,57
88.35296433232725,78,4380.875,46068.0,71,239.482,61
88.45320909656584,78,4380.875,46068.0,71,236.801,57
88.5534190479666,91,4380.875,46068.0,87,236.603,57
88.65362746827304,91,4380.875,46068.0,87,236.309,57
88.75386649183929,91,4380.875,46068.0,87,236.808,57
88.85404445789754,91,4380.875,46068.0,87,237.184,57
88.95418738014996,91,4380.875,46068.0,87,236.846,57
89.05439111217856,91,4380.875,46068.0,87,236.543,57
89.15454136393964,91,4380.875,46068.0,88,236.176,57
89.25467327050865,91,4380.875,46068.0,88,235.808,57
89.35487561114132,91,4380.875,46068.0,87,235.706,57
89.45502474159002,91,4380.875,46068.0,87,245.344,58
89.55527645535767,91,4380.875,46068.0,87,248.282,58
89.65543089620769,91,4380.875,46068.0,87,248.752,58
89.75562861934304,91,4380.875,46068.0,87,249.325,58
89.85579358413815,91,4308.875,46068.0,87,249.076,58
89.95596789196134,90,4182.875,46068.0,83,248.118,61
90.05612357333302,90,4182.875,46068.0,83,238.977,58
90.15625803172588,87,4182.875,46068.0,83,238.985,58
90.25640071369708,87,4182.875,46068.0,83,239.147,58
90.35653166845441,91,4182.875,46068.0,88,239.051,58
90.45665978826582,91,4182.875,46068.0,88,238.816,58
90.55729946494102,90,4182.875,46068.0,87,238.8,58
90.6575079113245,90,4182.875,46068.0,87,238.77,58
90.75772060826421,90,4182.875,46068.0,87,238.698,58
90.85786825604737,90,4182.875,46068.0,87,238.653,58
90.95799980126321,91,4182.875,46068.0,87,238.588,58
91.05826162174344,91,4182.875,46068.0,87,239.206,58
91.15846448391676,90,4182.875,46068.0,87,248.692,58
91.25868147611618,90,4182.875,46068.0,87,248.972,58
91.35889218002558,90,4182.875,46068.0,87,249.163,58
91.45904052071273,90,4182.875,46068.0,87,249.552,58
91.55925406515598,91,4182.875,46068.0,87,249.802,58
91.65938815660775,91,4426.875,46068.0,87,249.796,58
91.75959322787821,91,4426.875,46068.0,87,250.142,61
91.85981252416968,91,4426.875,46068.0,87,247.526,58
91.96002205647528,90,4426.875,46068.0,87,247.6,58
92.06024313531816,90,4426.875,46068.0,87,247.504,58
92.16039078496397,91,4426.875,46068.0,88,247.548,58
92.26059257425368,91,4426.875,46068.0,88,246.908,58
92.36074475944042,91,4426.875,46068.0,87,246.342,58
92.46093204803765,91,4426.875,46068.0,87,246.49,58
92.56113996729255,91,4426.875,46068.0,87,246.638,58
92.66161889955401,91,4426.875,46068.0,87,246.836,58
92.76177042536438,91,4426.875,46068.0,88,246.467,58
92.8619759324938,91,4426.875,46068.0,88,245.782,58
92.96212561242282,91,4426.875,46068.0,87,248.097,58
93.06233506463468,91,4426.875,46068.0,87,248.443,58
93.16254587844014,91,4426.875,46068.0,87,249.128,58
93.26275500096381,91,4426.875,46068.0,87,249.556,58
93.36293385364115,91,4354.875,46068.0,88,249.946,58
93.46308310329914,91,4354.875,46068.0,88,250.166,61
93.56325809657574,88,4354.875,46068.0,65,248.052,58
93.66346509195864,88,4354.875,46068.0,65,247.456,58
93.76390637271106,90,4354.875,46068.0,87,246.567,58
93.86411307752132,90,4354.875,46068.0,87,246.045,58
93.96432772837579,90,4354.875,46068.0,87,245.958,58
94.0645360853523,90,4354.875,46068.0,87,245.958,58
94.1646819114685,90,4354.875,46068.0,87,245.215,58
94.26488681696355,90,4354.875,46068.0,87,244.5,58
94.36503584869206,91,4354.875,46068.0,87,243.829,58
94.46520414762199,91,4354.875,46068.0,87,243.263,58
94.56571077182889,90,4354.875,46068.0,87,243.521,58
94.66592496261,90,4354.875,46068.0,87,245.34,58
94.76613582484424,90,4354.875,46068.0,87,245.627,58
94.86633205600083,90,4384.875,46068.0,87,246.333,58
94.96653878316283,91,4384.875,46068.0,87,246.736,61
95.06675164029002,91,4384.875,46068.0,87,244.409,58
95.1669623721391,90,4384.875,46068.0,87,244.07,59
95.2671092711389,90,4384.875,46068.0,87,243.962,58
95.36731560714543,91,4384.875,46068.0,87,244.288,58
95.4674633871764,91,4384.875,46068.0,87,244.665,58
95.56768218241632,91,4384.875,46068.0,87,244.974,58
95.6678942553699,91,4384.875,46068.0,87,244.59,59
95.76810721494257,90,4384.875,46068.0,87,244.141,59
95.86825751513243,90,4384.875,46068.0,87,244.54,59
95.96839232556522,91,4384.875,46068.0,87,244.849,59
96.06852377951145,91,4384.875,46068.0,87,245.128,58
96.16864995844662,91,4384.875,46068.0,87,247.653,59
96.26905814558268,91,4384.875,46068.0,87,248.14,59
96.36924773827195,91,4384.875,46068.0,87,248.328,59
96.46940190531313,91,4384.875,46068.0,87,248.851,59
96.56960721127689,91,4384.875,46068.0,87,249.263,59
96.6698142401874,91,4426.875,46068.0,87,249.572,59
96.76997585967183,87,4426.875,46068.0,70,261.802,60
96.87021015584469,87,4426.875,46068.0,70,260.371,59
96.97035892866552,91,4426.875,46068.0,87,260.326,59
97.07049286551774,91,4426.875,46068.0,87,260.313,59
97.17072235792875,91,4426.875,46068.0,87,260.203,59
97.2708715479821,91,4426.875,46068.0,87,260.107,59
97.37100638821721,91,4426.875,46068.0,87,259.988,59
97.47113643214107,91,4426.875,46068.0,87,259.983,59
97.57134970836341,90,4426.875,46068.0,87,259.725,59
97.67155788838863,90,4426.875,46068.0,87,259.68,59
97.77176883257926,91,4426.875,46068.0,87,259.718,59
97.87191632017493,91,4426.875,46068.0,87,247.849,59
97.97210618294775,91,4426.875,46068.0,87,249.7,59
98.07231727614999,91,4426.875,46068.0,87,249.339,59
98.17252570390701,90,4426.875,46068.0,87,249.641,59
98.27270272746682,90,4376.875,46068.0,87,250.023,59
98.37290933541954,91,4376.875,46068.0,87,250.384,61
98.4731166716665,91,4376.875,46068.0,87,249.132,59
98.57356455177069,90,4376.875,46068.0,87,249.101,59
98.67377368174493,90,4376.875,46068.0,87,248.606,59
98.77398744784296,91,4376.875,46068.0,87,247.876,59
98.87420773692429,91,4376.875,46068.0,87,247.22,59
98.97441639564931,91,4376.875,46068.0,87,247.317,59
99.07462240383029,91,4376.875,46068.0,87,247.281,59
99.174830051139,91,4376.875,46068.0,87,247.333,59
99.27505505643785,91,4376.875,46068.0,87,246.715,59
99.3752936925739,91,4376.875,46068.0,87,246.061,59
99.47549865581095,91,4376.875,46068.0,87,245.517,59
99.57571093924344,91,4376.875,46068.0,87,247.189,59
99.6758594326675,91,4376.875,46068.0,87,247.654,59
99.77606640011072,91,4376.875,46068.0,87,248.053,59
99.87621005252004,91,4464.875,46068.0,87,248.488,59
99.97641612775624,91,4464.875,46068.0,87,248.826,61
100.07662341557443,91,4464.875,46068.0,87,249.978,59
100.17685718461871,90,4464.875,46068.0,86,249.955,59
100.27706876769662,90,4464.875,46068.0,86,250.294,59
100.37722828425467,90,4464.875,46068.0,87,250.558,59
100.47743299975991,90,4464.875,46068.0,87,250.963,59
100.57757863588631,91,4464.875,46068.0,88,251.223,59
100.67778228782117,91,4464.875,46068.0,88,250.795,59
100.77793162874877,91,4464.875,46068.0,87,251.102,59
100.87813439965248,91,4464.875,46068.0,87,251.344,59
100.97839363664389,91,4464.875,46068.0,87,251.632,59
101.07860480993986,91,4464.875,46068.0,87,251.956,59
101.17881314828992,91,4464.875,46068.0,88,250.664,59
101.27902499400079,91,4464.875,46068.0,88,250.626,60
101.37918063625693,91,4464.875,46068.0,87,251.045,60
101.47937083616853,91,4404.875,46068.0,87,251.419,60
101.57958259247243,90,4404.875,46068.0,87,251.749,62
101.67973239347339,90,4404.875,46068.0,87,250.159,60
101.77997540682554,91,4404.875,46068.0,87,250.145,60
101.88019311986864,91,4404.875,46068.0,87,249.367,60
101.9804016277194,90,4404.875,46068.0,87,248.601,60
102.08061022870243,90,4404.875,46068.0,87,248.602,60
102.1808185391128,90,4404.875,46068.0,87,248.692,60
102.28131813369691,90,4404.875,46068.0,87,248.868,60
102.38152828626335,91,4404.875,46068.0,87,248.92,60
102.48173651657999,91,4404.875,46068.0,87,248.149,60
102.58200748823583,90,4404.875,46068.0,87,247.451,60
102.6823110729456,90,4404.875,46068.0,87,246.989,60
102.78246940672398,90,4404.875,46068.0,87,249.02,60
102.88261155597866,90,4404.875,46068.0,87,249.527,60
102.982750242576,91,4404.875,46068.0,87,249.893,60
103.08289020881057,91,4404.875,46068.0,87,250.262,60
103.18324426747859,91,4418.875,46068.0,87,249.908,60
103.28347579948604,91,4418.875,46068.0,87,244.671,64
103.38361237198114,92,4418.875,46068.0,67,242.122,60
103.48375033773482,92,4418.875,46068.0,67,241.954,60
103.58388834260404,91,4418.875,46068.0,87,241.821,60
103.68402337282896,91,4418.875,46068.0,87,241.849,60
103.78422254882753,91,4418.875,46068.0,87,242.358,60
103.88437386415899,91,4418.875,46068.0,87,242.189,60
103.98456686735153,91,4418.875,46068.0,87,242.02,60
104.08470709621906,91,4418.875,46068.0,87,241.934,60
104.18484437093139,91,4418.875,46068.0,87,241.823,60
104.28497989289463,91,4418.875,46068.0,87,241.792,60
104.38535914570093,91,4418.875,46068.0,87,247.353,60
104.48549505881965,91,4418.875,46068.0,87,250.05,60
104.58563162013888,90,4418.875,46068.0,87,250.477,60
104.68577266857028,90,4418.875,46068.0,87,250.822,60
104.78589844331145,91,4404.875,46068.0,87,251.043,60
104.8860341757536,91,4404.875,46068.0,87,250.565,59
104.98618389852345,88,4404.875,46068.0,60,252.508,60
105.08632339537144,88,4404.875,46068.0,60,252.45,60
105.18645992875099,90,4404.875,46068.0,87,252.582,60
105.28659641928971,90,4404.875,46068.0,87,252.753,60
105.38678555935621,91,4404.875,46068.0,88,252.886,60
105.48696040920913,91,4404.875,46068.0,88,252.046,60
105.58710671588778,91,4404.875,46068.0,87,251.413,60
105.68722678348422,91,4404.875,46068.0,87,251.515,60
105.78742421790957,91,4404.875,46068.0,87,251.7,60
105.8875823225826,91,4404.875,46068.0,87,251.885,60
105.98772725649178,91,4404.875,46068.0,88,252.061,60
106.08786891587079,91,4404.875,46068.0,88,249.801,60
106.188078597188,90,4404.875,46068.0,87,249.632,60
106.28821811638772,90,4404.875,46068.0,87,249.977,60
106.38833649083972,90,4418.875,46068.0,87,250.33,60
106.4884741641581,90,4418.875,46068.0,87,250.594,60
106.58861424215138,88,4418.875,46068.0,65,261.992,61
106.68875273689628,88,4418.875,46068.0,65,261.052,60
106.78889118134975,90,4418.875,46068.0,87,261.066,60
106.88903239183128,90,4418.875,46068.0,87,261.088,60
106.98917526379228,91,4418.875,46068.0,87,261.066,60
107.08931184373796,91,4418.875,46068.0,87,260.905,60
107.19013626687229,91,4418.875,46068.0,88,260.904,60
107.29029385000467,91,4418.875,46068.0,88,260.787,60
107.39043805375695,91,4418.875,46068.0,87,260.367,60
107.49057701975107,91,4418.875,46068.0,87,260.367,60
107.59071323275566,91,4418.875,46068.0,87,260.405,60
107.69085021317005,91,4418.875,46068.0,87,249.377,60
107.79098971933126,91,4418.875,46068.0,88,250.596,60
107.89112504012883,91,4418.875,46068.0,88,250.117,60
107.99121252074838,91,4432.875,46068.0,87,250.169,60
108.09140975214541,91,4432.875,46068.0,87,250.441,61
108.19194604456425,89,4432.875,46068.0,59,247.319,60
108.29215376265347,89,4432.875,46068.0,59,247.515,61
108.392354009673,91,4432.875,46068.0,87,247.913,61
108.49251232482493,91,4432.875,46068.0,87,247.965,61
108.59267756715417,91,4432.875,46068.0,87,247.583,61
108.69309671409428,91,4432.875,46068.0,87,247.163,61
108.79322672821581,91,4432.875,46068.0,87,247.524,61
108.89336635358632,91,4432.875,46068.0,87,247.806,61
108.99356347694993,91,4432.875,46068.0,87,248.205,61
109.09371622465551,91,4432.875,46068.0,87,248.043,61
109.19407843239605,91,4432.875,46068.0,87,247.572,61
109.29422526061535,91,4432.875,46068.0,87,250.776,61
109.39434255473316,91,4418.875,46068.0,87,251.217,61
109.49454227276146,91,4418.875,46068.0,87,251.503,61
109.59469646029174,86,4418.875,46068.0,68,261.921,62
109.69484030269086,86,4418.875,46068.0,68,260.074,61
109.79498207196593,91,4418.875,46068.0,87,260.566,61
109.8951570019126,91,4418.875,46068.0,87,260.381,61
109.99538834579289,91,4418.875,46068.0,87,260.344,61
110.09559652581811,91,4418.875,46068.0,87,260.212,61
110.1958790756762,91,4418.875,46068.0,88,260.057,61
110.29605173133314,91,4418.875,46068.0,88,259.932,61
110.39620368741453,91,4418.875,46068.0,87,260.071,61
110.49639817513525,91,4418.875,46068.0,87,260.013,61
110.59655296616256,91,4418.875,46068.0,87,259.983,61
110.69672055542469,91,4418.875,46068.0,87,249.638,61
110.79686059243977,91,4418.875,46068.0,88,251.516,61
110.89705632440746,91,4418.875,46068.0,88,251.281,61
110.99722130782902,90,4418.875,46068.0,87,251.721,61
111.09919618070126,90,4182.875,46068.0,87,251.985,61
111.19992472603917,90,4432.875,46068.0,87,252.286,61
111.30006712861359,90,4432.875,46068.0,87,255.255,65
111.40027346462011,94,4432.875,46068.0,73,253.013,61
111.50042936392128,94,4432.875,46068.0,73,252.404,61
111.60062327235937,91,4432.875,46068.0,87,251.794,61
111.7010885886848,91,4432.875,46068.0,87,251.765,61
111.80122641287744,91,4432.875,46068.0,87,251.853,61
111.90136568807065,91,4432.875,46068.0,87,252.0,61
112.0015021674335,91,4432.875,46068.0,88,251.986,61
112.1016396638006,91,4432.875,46068.0,88,251.2,61
112.2017784807831,91,4432.875,46068.0,87,250.619,61
112.30192147940397,91,4432.875,46068.0,87,250.693,61
112.4023208860308,91,4432.875,46068.0,87,248.144,61
112.50246894545853,91,4432.875,46068.0,87,250.88,61
112.60260714963078,91,4426.875,46068.0,88,251.504,61
112.70274501666427,91,4426.875,46068.0,88,251.674,60
112.80291245132685,88,4426.875,46068.0,60,255.922,61
112.90305332280695,88,4426.875,46068.0,60,255.136,61
113.0031962748617,91,4426.875,46068.0,87,254.871,61
113.10335070453584,91,4426.875,46068.0,87,254.555,61
113.203487675637,91,4426.875,46068.0,87,255.099,61
113.30362535081804,91,4426.875,46068.0,87,255.482,61
113.40376151911914,91,4426.875,46068.0,87,255.194,61
113.50391739234328,91,4426.875,46068.0,87,254.9,61
113.60415568761528,91,4426.875,46068.0,87,254.545,61
113.7043523285538,91,4426.875,46068.0,87,254.339,61
113.80450825951993,91,4426.875,46068.0,87,255.039,61
113.90465108118951,91,4426.875,46068.0,87,250.864,61
114.00479070842266,91,4426.875,46068.0,87,251.71,61
114.10498863272369,91,4426.875,46068.0,87,252.012,61
114.20519876480103,91,4426.875,46068.0,87,252.372,61
114.30533017963171,91,4432.875,46068.0,87,252.203,61
114.40547043643892,91,4432.875,46068.0,87,252.203,61
114.50578920170665,91,4432.875,46068.0,87,263.507,62
114.60592800751328,92,4432.875,46068.0,79,262.558,61
114.70612437091768,92,4432.875,46068.0,79,262.859,61
114.80623795837164,91,4432.875,46068.0,87,262.123,61
114.9063816498965,91,4432.875,46068.0,87,261.549,61
115.00652503222227,91,4432.875,46068.0,87,261.255,61
115.10672182403505,91,4432.875,46068.0,87,261.533,62
115.20688491687179,91,4432.875,46068.0,87,261.806,62
115.30702807940543,91,4432.875,46068.0,87,261.998,62
115.40717053227127,91,4432.875,46068.0,87,261.638,61
115.5073061529547,91,4432.875,46068.0,87,250.047,61
115.60744137130678,90,4432.875,46068.0,87,251.305,61
115.70758014731109,90,4432.875,46068.0,87,251.657,62
115.80777698941529,91,4432.875,46068.0,87,251.856,62
115.90825363993645,91,4432.875,46068.0,87,252.231,62
116.00838479399681,91,4404.875,46068.0,87,252.524,62
116.10852352716029,91,4404.875,46068.0,87,262.313,62
116.20872203446925,85,4404.875,46068.0,68,259.337,62
116.30892183072865,85,4404.875,46068.0,68,259.197,62
116.40907849185169,90,4404.875,46068.0,87,259.064,62
116.50922508724034,90,4404.875,46068.0,87,258.902,62
116.60942257940769,91,4404.875,46068.0,87,259.005,62
116.70991059951484,91,4404.875,46068.0,87,258.689,62
116.81007186882198,90,4404.875,46068.0,87,257.947,62
116.91022072732449,90,4404.875,46068.0,87,257.793,62
117.0104178097099,90,4404.875,46068.0,87,257.72,62
117.11057391017675,90,4404.875,46068.0,87,257.749,62
117.21183835715055,91,4404.875,46068.0,87,248.048,62
117.3119784835726,91,4404.875,46068.0,87,250.509,62
117.41212015599012,90,4404.875,46068.0,87,250.787,62
117.51223230920732,90,4404.875,46068.0,87,251.472,62
117.61243015155196,90,4404.875,46068.0,87,251.472,62
117.71280776523054,90,4404.875,46068.0,87,252.046,62
117.8129571955651,91,4384.875,46068.0,88,263.142,62
117.9131042547524,88,4384.875,46068.0,62,262.45,62
118.0133941154927,88,4384.875,46068.0,62,262.238,62
118.113570606336,91,4384.875,46068.0,87,261.973,62
118.21371135488153,91,4384.875,46068.0,87,261.709,62
118.31384782679379,91,4384.875,46068.0,87,261.651,62
118.41400597989559,91,4384.875,46068.0,87,261.46,62
118.51421149633825,91,4384.875,46068.0,87,261.277,62
118.61436408013105,91,4384.875,46068.0,87,261.143,62
118.71450913511217,91,4384.875,46068.0,88,260.997,62
118.81464934162796,91,4384.875,46068.0,88,260.804,62
118.91492520272732,91,4384.875,46068.0,87,249.768,62
119.01508238352835,91,4384.875,46068.0,87,250.636,62
119.11520462483168,90,4184.875,46068.0,86,250.996,62
119.2153482567519,90,4390.875,46068.0,86,248.995,65
119.31548628024757,91,4390.875,46068.0,87,249.017,62
119.41564264334738,91,4390.875,46068.0,87,248.922,62
119.51588106714189,91,4390.875,46068.0,87,248.899,62
119.61603930033743,91,4390.875,46068.0,87,248.885,62
119.71748444065452,91,4390.875,46068.0,87,248.937,62
119.81762407533824,91,4390.875,46068.0,87,248.848,62
119.91781224496663,90,4390.875,46068.0,86,248.495,62
120.01795892044902,90,4390.875,46068.0,86,249.084,62
120.11810041964054,91,4390.875,46068.0,87,249.011,62
120.21828479133546,91,4390.875,46068.0,87,248.938,62
120.31842453032732,91,4390.875,46068.0,87,251.167,62
120.41856281459332,91,4390.875,46068.0,87,251.372,62
120.51875834353268,91,4390.875,46068.0,87,251.571,62
120.61891469545662,91,4390.875,46068.0,87,251.895,62
120.71911321021616,91,4390.875,46068.0,87,252.145,62
120.81923544034362,91,4390.875,46068.0,87,252.366,62
120.91937036812305,87,4432.875,46068.0,60,264.578,62
121.01979079656303,87,4432.875,46068.0,60,264.445,62
121.11994814872742,91,4432.875,46068.0,87,263.746,62
121.22015243954957,91,4432.875,46068.0,87,263.319,62
121.32032408379018,91,4432.875,46068.0,87,263.451,62
121.42046775855124,91,4432.875,46068.0,87,263.633,62
121.52060683257878,91,4432.875,46068.0,87,263.905,62
121.62080736085773,91,4432.875,46068.0,87,264.059,62
121.72097779251635,91,4432.875,46068.0,87,263.397,62
121.82112491130829,91,4432.875,46068.0,87,263.021,62
121.92130560800433,91,4432.875,46068.0,87,263.079,62
122.02144674770534,91,4432.875,46068.0,87,251.322,62
122.1216425485909,91,4432.875,46068.0,87,252.205,62
122.22179703600705,91,4432.875,46068.0,87,252.573,62
122.321957571432,84,4418.875,46068.0,75,246.548,62
122.42240474745631,84,4418.875,46068.0,75,243.833,66
122.52258745022118,90,4418.875,46068.0,87,243.731,62
122.62273648008704,90,4418.875,46068.0,87,243.482,62
122.72288197651505,91,4418.875,46068.0,87,243.291,62
122.82302013970912,91,4418.875,46068.0,87,243.21,63
122.9231638815254,90,4418.875,46068.0,87,243.482,62
123.02338325791061,90,4418.875,46068.0,87,243.388,62
123.12361528165638,91,4418.875,46068.0,87,243.293,62
123.2238161098212,91,4418.875,46068.0,87,243.132,62
123.32401717826724,91,4418.875,46068.0,87,243.015,62
123.42430470511317,91,4418.875,46068.0,87,249.217,63
123.52444707602262,91,4418.875,46068.0,87,252.095,63
123.62458591163158,91,4418.875,46068.0,87,252.433,63
123.72472588717937,91,4418.875,46068.0,87,252.764,63
123.82488527335227,91,4418.875,46068.0,87,253.118,62
123.92509316280484,90,4418.875,46068.0,87,253.316,63
124.0252142995596,90,4426.875,46068.0,87,253.969,63
124.12535904347897,94,4426.875,46068.0,72,251.326,66
124.2257808111608,94,4426.875,46068.0,72,250.937,63
124.32592120952904,91,4426.875,46068.0,87,250.642,63
124.42606168799102,91,4426.875,46068.0,87,251.104,63
124.52628065273166,91,4426.875,46068.0,87,251.36,63
124.62642047926784,91,4426.875,46068.0,87,251.03,63
124.72655935585499,91,4426.875,46068.0,87,250.743,63
124.82671553641558,91,4426.875,46068.0,87,250.471,63
124.92711444944143,91,4426.875,46068.0,87,250.294,63
125.02723705209792,91,4426.875,46068.0,87,250.801,63
125.12738289684057,91,4426.875,46068.0,87,250.265,63
125.22752570733428,91,4426.875,46068.0,87,252.893,63
125.32766728848219,91,4426.875,46068.0,88,253.29,63
125.43056044913828,91,4426.875,46068.0,88,253.628,63
125.5307023897767,91,4426.875,46068.0,87,253.997,63
125.63084051385522,91,4426.875,46068.0,87,254.278,63
125.73147091455758,91,4426.875,46068.0,87,254.587,63
125.83160521276295,91,4376.875,46068.0,87,265.982,63
125.93174302577972,91,4376.875,46068.0,82,265.431,63
126.03216963261366,91,4376.875,46068.0,82,265.092,63
126.13232919573784,91,4376.875,46068.0,87,264.268,63
126.23253057524562,91,4376.875,46068.0,87,264.196,63
126.33268745802343,91,4376.875,46068.0,87,264.188,63
126.43283167295158,91,4376.875,46068.0,87,264.085,63
126.5329739395529,91,4376.875,46068.0,87,263.976,63
126.63311409763992,91,4376.875,46068.0,87,263.026,63
126.73322118632495,91,4376.875,46068.0,87,262.217,63
126.83336650021374,91,4376.875,46068.0,87,261.703,63
126.93350460380316,90,4376.875,46068.0,87,250.549,63
127.0336433108896,90,4376.875,46068.0,87,251.298,63
127.13378128409386,91,4376.875,46068.0,87,251.725,63
127.23392293229699,91,4376.875,46068.0,87,252.056,63
127.33406097628176,91,4376.875,46068.0,87,251.607,63
127.43420409783721,91,4464.875,46068.0,87,262.553,63
127.53434088081121,93,4464.875,46068.0,78,260.855,64
127.63448483124375,93,4464.875,46068.0,78,261.178,63
127.73462657257915,91,4464.875,46068.0,87,261.633,63
127.83476167172194,91,4464.875,46068.0,87,262.069,63
127.93490340188146,91,4464.875,46068.0,88,262.236,63
128.03504159674048,91,4464.875,46068.0,88,261.766,63
128.13524882495403,91,4464.875,46068.0,87,261.643,63
128.23540742881596,91,4464.875,46068.0,87,262.046,63
128.33560885675251,91,4464.875,46068.0,87,262.53,63
128.43582789227366,91,4464.875,46068.0,87,263.045,63
128.53597498871386,91,4464.875,46068.0,88,251.997,63
128.63612818531692,91,4464.875,46068.0,88,253.6,63
128.73622623085976,91,4464.875,46068.0,87,253.477,63
128.83636462315917,91,4464.875,46068.0,87,253.824,63
128.93650413118303,91,4464.875,46068.0,87,254.225,63
129.03666212409735,91,4464.875,46068.0,87,254.446,63
129.1368252467364,91,4376.875,46068.0,83,253.305,63
129.23716006428003,91,4376.875,46068.0,83,251.537,67
129.3373082112521,91,4376.875,46068.0,87,250.95,63
129.4374512769282,91,4376.875,46068.0,87,249.878,63
129.5375938564539,91,4376.875,46068.0,87,249.539,63
129.63774096406996,91,4376.875,46068.0,87,249.568,63
129.73788123950362,91,4376.875,46068.0,87,249.56,63
129.8380195647478,91,4376.875,46068.0,87,249.316,63
129.93824327550828,91,4376.875,46068.0,87,248.565,63
130.03849136456847,91,4376.875,46068.0,87,247.929,63
130.13864860869944,90,4376.875,46068.0,87,247.922,63
130.23884836398065,90,4376.875,46068.0,87,249.483,63
130.33900566771626,91,4376.875,46068.0,87,251.375,63
130.4391530752182,91,4376.875,46068.0,87,251.603,63
130.5392924491316,91,4376.875,46068.0,87,252.125,63
130.63943304866552,91,4376.875,46068.0,87,252.141,63
130.73954916000366,91,4464.875,46068.0,87,252.426,63
130.84002495743334,91,4464.875,46068.0,87,250.799,66
130.9401722252369,91,4464.875,46068.0,87,251.02,63
131.04036956839263,91,4464.875,46068.0,87,251.285,64
131.1405228767544,91,4464.875,46068.0,88,251.313,63
131.24066675826907,91,4464.875,46068.0,88,250.821,63
131.34080881811678,91,4464.875,46068.0,87,250.489,63
131.44094748422503,91,4464.875,46068.0,87,250.783,63
131.5412853360176,91,4464.875,46068.0,87,250.952,63
131.6414277255535,91,4464.875,46068.0,87,251.366,63
131.74163039587438,91,4464.875,46068.0,88,251.445,63
131.84183523990214,91,4464.875,46068.0,88,250.939,63
131.94199125282466,91,4464.875,46068.0,87,252.749,63
132.04219331219792,91,4464.875,46068.0,87,253.168,63
132.14234811998904,91,4464.875,46068.0,87,253.537,64
132.24280216544867,91,4464.875,46068.0,87,253.912,64
132.34294172376394,91,4464.875,46068.0,87,254.28,64
132.4430718049407,91,4354.875,46068.0,87,254.4,64
132.54324709437788,89,4354.875,46068.0,68,251.875,67
132.6434482112527,89,4354.875,46068.0,68,251.376,64
132.74360735714436,91,4354.875,46068.0,87,251.095,64
132.84375212155282,91,4354.875,46068.0,87,250.823,64
132.94394764117897,91,4354.875,46068.0,87,250.705,63
133.04415893554688,91,4354.875,46068.0,87,250.235,63
133.1443183608353,91,4354.875,46068.0,87,249.491,64
133.24453788809478,91,4354.875,46068.0,87,248.748,64
133.3446959722787,90,4354.875,46068.0,87,248.866,64
133.4448419958353,90,4354.875,46068.0,87,249.014,64
133.54498663172126,91,4354.875,46068.0,87,249.078,64
133.64512875117362,91,4354.875,46068.0,87,251.161,64
133.74522421136498,91,4354.875,46068.0,88,251.36,64
133.84536455757916,91,4354.875,46068.0,88,251.191,64
133.9455685596913,90,4354.875,46068.0,87,251.288,64
134.04576466232538,90,4354.875,46068.0,87,251.869,64
134.1458924394101,90,4312.875,46068.0,87,252.457,64
134.24605948850513,90,4182.875,46068.0,87,244.572,66
134.34622367285192,87,4182.875,46068.0,84,245.125,64
134.44664601050317,87,4182.875,46068.0,84,245.043,64
134.54679612256587,90,4182.875,46068.0,87,244.91,64
134.64693985320628,90,4182.875,46068.0,87,244.881,64
134.74707852862775,91,4182.875,46068.0,87,244.925,64
134.8472831323743,91,4182.875,46068.0,87,244.873,64
134.94744015671313,91,4182.875,46068.0,87,245.617,64
135.04759801737964,91,4182.875,46068.0,87,246.012,64
135.14801344834268,91,4182.875,46068.0,87,245.946,64
135.24817578867078,91,4182.875,46068.0,87,245.938,64
135.34832040034235,91,4182.875,46068.0,87,254.103,64
135.4484613481909,91,4182.875,46068.0,87,253.933,64
135.5486052520573,91,4182.875,46068.0,87,254.11,64
135.64874787256122,91,4182.875,46068.0,87,254.484,64
135.74894722737372,91,4182.875,46068.0,88,254.682,64
135.84916133619845,91,4182.875,46068.0,88,254.881,64
135.9492949526757,91,4382.875,46068.0,87,255.183,64
136.04982249066234,91,4382.875,46068.0,87,252.547,67
136.1500190924853,91,4382.875,46068.0,88,251.996,64
136.25019910745323,91,4382.875,46068.0,88,251.459,64
136.35034434311092,91,4382.875,46068.0,87,251.144,64
136.45048697292805,91,4382.875,46068.0,87,251.439,64
136.5506269596517,91,4382.875,46068.0,87,251.569,64
136.65076457336545,91,4382.875,46068.0,87,251.194,64
136.75096499174833,91,4382.875,46068.0,88,250.731,64
136.85112003982067,91,4382.875,46068.0,88,250.363,64
136.95129691250622,91,4382.875,46068.0,87,250.232,64
137.0514560174197,91,4382.875,46068.0,87,250.51,64
137.1516017243266,91,4382.875,46068.0,87,252.94,64
137.25178439356387,91,4382.875,46068.0,87,253.432,64
137.35199820064008,91,4382.875,46068.0,87,253.763,64
137.45221654325724,91,4382.875,46068.0,87,254.042,64
137.5524279475212,91,4382.875,46068.0,87,254.374,64
137.65260741487145,91,4408.875,46068.0,87,254.722,64
137.75277675688267,88,4408.875,46068.0,59,254.61,66
137.8529880605638,88,4408.875,46068.0,59,254.323,64
137.95313857123256,91,4408.875,46068.0,88,254.396,64
138.05335433967412,91,4408.875,46068.0,88,254.189,64
138.15356745757163,91,4408.875,46068.0,87,253.991,64
138.25377357192338,91,4408.875,46068.0,87,254.153,64
138.35392299480736,91,4408.875,46068.0,87,254.294,64
138.45415424741805,91,4408.875,46068.0,87,254.544,64
138.55440573208034,91,4408.875,46068.0,88,254.433,64
138.65461485274136,91,4408.875,46068.0,88,253.845,64
138.7548205461353,91,4408.875,46068.0,87,254.021,64
138.85497088730335,91,4408.875,46068.0,87,254.554,64
138.9551872499287,87,4446.875,46068.0,67,266.793,64
139.0554025992751,87,4446.875,46068.0,67,265.315,65
139.15561502426863,91,4446.875,46068.0,87,265.36,64
139.25582304410636,91,4446.875,46068.0,87,265.021,64
139.3560316413641,91,4446.875,46068.0,87,265.161,64
139.45618721283972,91,4446.875,46068.0,87,264.829,64
139.55632438324392,91,4446.875,46068.0,87,264.535,64
139.6565364394337,91,4446.875,46068.0,87,264.335,64
139.75681312009692,91,4446.875,46068.0,87,264.888,64
139.85696610808372,91,4446.875,46068.0,87,264.682,64
139.95710127614439,91,4446.875,46068.0,87,264.488,64
140.0572331212461,91,4446.875,46068.0,87,252.676,64
140.15736692771316,90,4446.875,46068.0,87,254.227,64
140.25749414786696,90,4446.875,46068.0,87,254.707,64
140.35795726813376,90,4446.875,46068.0,87,255.531,64
140.4581697024405,90,4446.875,46068.0,87,255.355,64
140.55833579786122,91,4364.875,46068.0,88,255.7,64
140.65848561003804,91,4364.875,46068.0,88,257.76,63
140.7586200274527,91,4364.875,46068.0,87,257.798,65
140.85876876860857,91,4364.875,46068.0,87,257.401,65
140.9588994514197,91,4364.875,46068.0,87,256.885,65
141.059105316177,91,4364.875,46068.0,87,256.452,64
141.15931888483465,91,4364.875,46068.0,87,256.091,64
141.25952854380012,91,4364.875,46068.0,87,256.013,64
141.35974369198084,91,4364.875,46068.0,87,256.02,65
141.45995605923235,91,4364.875,46068.0,87,255.58,65
141.56018000096083,91,4364.875,46068.0,87,255.352,65
141.6606820281595,91,4364.875,46068.0,87,255.036,65
141.76090300828218,90,4364.875,46068.0,87,252.888,64
141.8611173965037,90,4364.875,46068.0,87,253.059,64
141.96132999286056,91,4364.875,46068.0,87,253.272,65
142.0615451503545,91,4364.875,46068.0,87,253.714,65
142.1617539897561,91,4364.875,46068.0,87,254.074,65
142.26196072623134,91,4388.875,46068.0,87,248.025,65
142.36211452446878,90,4388.875,46068.0,66,245.41,68
142.46224749088287,90,4388.875,46068.0,66,244.82,65
142.562685912475,91,4388.875,46068.0,87,245.062,65
142.66283485293388,91,4388.875,46068.0,87,245.305,65
142.76304584555328,91,4388.875,46068.0,87,245.556,65
142.863206544891,91,4388.875,46068.0,87,245.807,65
142.9634021744132,91,4388.875,46068.0,88,245.694,65
143.06355396844447,91,4388.875,46068.0,88,245.244,65
143.1637576315552,91,4388.875,46068.0,87,245.495,65
143.26400667242706,91,4388.875,46068.0,87,245.813,65
143.364242432639,91,4388.875,46068.0,87,252.428,65
143.46445796079934,91,4388.875,46068.0,87,255.291,65
143.5646112561226,91,4388.875,46068.0,87,255.659,65
143.6648173239082,91,4388.875,46068.0,87,255.158,65
143.76496803574264,91,4388.875,46068.0,87,255.484,65
143.86510037258267,91,4408.875,46068.0,87,247.402,65
143.96531021222472,95,4408.875,46068.0,70,244.91,68
144.06552346795797,95,4408.875,46068.0,70,245.212,65
144.16566830314696,91,4408.875,46068.0,87,245.507,65
144.26589274592698,91,4408.875,46068.0,87,244.379,65
144.366047013551,90,4408.875,46068.0,87,244.349,65
144.4661899358034,90,4408.875,46068.0,87,244.47,65
144.5664495807141,91,4408.875,46068.0,87,244.677,65
144.66666567139328,91,4408.875,46068.0,87,244.795,65
144.7668159045279,91,4408.875,46068.0,88,244.985,65
144.8670441918075,91,4408.875,46068.0,88,244.269,65
144.96718426048756,90,4408.875,46068.0,87,252.689,65
145.06739255972207,90,4408.875,46068.0,87,255.527,65
145.1676049940288,91,4408.875,46068.0,87,255.747,65
145.26781344413757,91,4408.875,46068.0,87,255.864,65
145.36796251311898,91,4408.875,46068.0,87,256.409,65
145.4681219998747,91,4208.875,46068.0,87,256.336,65
145.56835452467203,87,4382.875,46068.0,65,267.245,65
145.66857212781906,87,4382.875,46068.0,65,266.118,65
145.76878690719604,91,4382.875,46068.0,87,266.098,65
145.8689374998212,91,4382.875,46068.0,87,265.855,65
145.96916099265218,91,4382.875,46068.0,87,265.635,65
146.0693728365004,91,4382.875,46068.0,87,264.959,65
146.16960434801877,91,4382.875,46068.0,87,264.894,65
146.26991559192538,91,4382.875,46068.0,87,264.813,65
146.37013399600983,90,4382.875,46068.0,87,264.592,65
146.47035831958055,90,4382.875,46068.0,87,264.562,65
146.57056690752506,91,4382.875,46068.0,87,263.964,65
146.67078316025436,91,4382.875,46068.0,87,253.233,65
146.77093232050538,91,4382.875,46068.0,87,254.632,65
146.87115160375834,91,4382.875,46068.0,87,254.741,65
146.97139957360923,91,4382.875,46068.0,88,255.094,65
147.0716323684901,91,4382.875,46068.0,88,255.418,65
147.17181415855885,91,4364.875,46068.0,87,255.49,65
147.271962787956,91,4364.875,46068.0,87,259.307,65
147.3720979373902,91,4364.875,46068.0,87,258.395,65
147.472476541996,91,4364.875,46068.0,87,258.147,65
147.57268429920077,90,4364.875,46068.0,87,257.816,65
147.6729016918689,90,4364.875,46068.0,87,258.178,65
147.7731146980077,91,4364.875,46068.0,87,257.964,65
147.87326483987272,91,4364.875,46068.0,87,257.589,65
147.97347385063767,91,4364.875,46068.0,87,257.369,65
148.07368180714548,91,4364.875,46068.0,87,257.074,65
148.17384044453502,91,4364.875,46068.0,87,256.809,65
148.2740498445928,91,4364.875,46068.0,87,257.157,65
148.37420697696507,91,4364.875,46068.0,87,253.318,65
148.47436774335802,91,4402.875,46068.0,87,254.119,65
148.5745169557631,87,4402.875,46068.0,66,266.511,65
148.67494796775281,87,4402.875,46068.0,66,266.292,66
148.77509888075292,90,4402.875,46068.0,87,266.425,65
148.8753392882645,90,4402.875,46068.0,87,266.16,65
148.97555368579924,91,4402.875,46068.0,88,266.018,65
149.07574664242566,91,4402.875,46068.0,88,265.834,65
149.1759610492736,90,4402.875,46068.0,87,266.505,65
149.27610854804516,90,4402.875,46068.0,87,267.066,65
149.37635435163975,91,4402.875,46068.0,87,266.983,65
149.4765679296106,91,4402.875,46068.0,87,266.725,65
149.57671787962317,91,4402.875,46068.0,87,266.549,65
149.67692670039833,91,4402.875,46068.0,87,254.318,65
149.77707763575017,91,4402.875,46068.0,87,255.362,65
149.87721765227616,91,4402.875,46068.0,87,255.508,65
149.9774769358337,91,4402.875,46068.0,87,255.742,65
150.07768935151398,91,4402.875,46068.0,87,255.919,65
150.17781081981957,91,4382.875,46068.0,87,256.171,65
150.27801745571196,91,4382.875,46068.0,87,267.882,65
150.37823712453246,91,4382.875,46068.0,81,266.718,66
150.478449748829,91,4382.875,46068.0,81,266.543,65
150.57866526767612,91,4382.875,46068.0,88,266.493,65
150.6789444833994,91,4382.875,46068.0,88,266.34,65
150.77916792407632,91,4382.875,46068.0,87,266.612,65
150.87938406690955,91,4382.875,46068.0,87,266.561,65
150.97958873957396,91,4382.875,46068.0,87,266.54,65
151.07973773032427,91,4382.875,46068.0,87,266.466,65
151.17987616360188,91,4382.875,46068.0,88,266.363,65
151.28000646829605,91,4382.875,46068.0,88,266.142,65
151.3801481258124,91,4382.875,46068.0,87,254.275,65
151.48037401214242,91,4382.875,46068.0,87,255.689,65
151.58061157353222,91,4382.875,46068.0,87,256.107,65
151.68082174658775,91,4382.875,46068.0,87,256.379,65
151.7810338512063,91,4382.875,46068.0,88,256.627,65
151.88119047135115,91,4382.875,46068.0,88,256.413,65
151.98131686076522,91,4408.875,46068.0,87,256.715,66
152.08152228407562,91,4408.875,46068.0,87,263.67,64
152.18179009296,90,4408.875,46068.0,86,263.251,66
152.28200777433813,90,4408.875,46068.0,86,263.127,66
152.3821625933051,91,4408.875,46068.0,87,263.178,66
152.48235559090972,91,4408.875,46068.0,87,262.612,66
152.58256586268544,91,4408.875,46068.0,87,262.54,66
152.68277427181602,91,4408.875,46068.0,87,262.446,66
152.78299297578633,91,4408.875,46068.0,87,262.425,66
152.88321304135025,91,4408.875,46068.0,87,262.507,66
152.98342780023813,91,4408.875,46068.0,87,262.457,65
153.0836269762367,91,4408.875,46068.0,87,261.853,66
153.18384401872754,91,4408.875,46068.0,87,255.046,66
153.28405048325658,91,4408.875,46068.0,87,255.679,66
153.38430490158498,91,4408.875,46068.0,87,256.032,66
153.4845681320876,91,4408.875,46068.0,87,256.275,66
153.58478015847504,90,4408.875,46068.0,87,256.584,66
153.68493230454624,90,4408.875,46068.0,87,256.855,66
153.78512974642217,91,4402.875,46068.0,87,257.047,66
153.8853522259742,91,4402.875,46068.0,87,255.249,68
153.98558835685253,90,4402.875,46068.0,87,255.044,66
154.08580993674695,90,4402.875,46068.0,87,255.087,66
154.18602788820863,91,4402.875,46068.0,87,254.866,66
154.28650168329477,91,4402.875,46068.0,87,254.787,66
154.38663758337498,90,4402.875,46068.0,87,254.721,66
154.4868470262736,90,4402.875,46068.0,87,254.691,66
154.58699446357787,91,4402.875,46068.0,88,254.713,66
154.68726048059762,91,4402.875,46068.0,88,254.492,66
154.78747470863163,91,4402.875,46068.0,87,253.823,66
154.88762295618653,91,4402.875,46068.0,87,253.786,66
154.988078603521,90,4402.875,46068.0,87,255.788,66
155.0882280766964,90,4402.875,46068.0,87,256.023,66
155.18843897990882,91,4402.875,46068.0,88,256.221,66
155.28865586034954,91,4402.875,46068.0,88,256.449,66
155.3888024073094,91,4402.875,46068.0,87,256.823,66
155.4889844674617,91,4402.875,46068.0,87,257.088,66
155.58921988867223,86,4402.875,46068.0,64,268.069,66
155.68952913582325,86,4402.875,46068.0,64,266.649,66
155.78967966884375,91,4402.875,46068.0,87,266.885,66
155.8898902218789,91,4402.875,46068.0,87,266.819,66
155.9901240877807,91,4402.875,46068.0,87,266.31,66
156.09033252857625,91,4402.875,46068.0,87,266.164,66
156.1905452143401,91,4402.875,46068.0,87,266.488,66
156.29075451381505,91,4402.875,46068.0,87,266.696,66
156.39096503518522,91,4402.875,46068.0,87,266.88,66
156.49118377268314,91,4402.875,46068.0,87,266.269,66
156.59139846079051,90,4402.875,46068.0,87,265.667,66
156.69161159545183,90,4402.875,46068.0,87,255.075,66
156.79176570475101,90,4402.875,46068.0,87,256.812,66
156.8919757846743,90,4402.875,46068.0,87,257.128,66
156.99220997281373,91,4402.875,46068.0,88,257.458,66
157.09238799661398,91,4408.875,46068.0,88,257.524,66
157.19303760677576,85,4408.875,46068.0,67,268.404,66
157.29325220361352,85,4408.875,46068.0,67,266.948,67
157.39348025247455,91,4408.875,46068.0,87,266.948,66
157.49369731545448,91,4408.875,46068.0,87,266.984,66
157.5938969925046,91,4408.875,46068.0,88,266.918,66
157.6941029857844,91,4408.875,46068.0,88,266.859,66
157.79431598261,91,4408.875,46068.0,87,266.101,66
157.8945175409317,91,4408.875,46068.0,87,266.219,66
157.99471808038652,90,4408.875,46068.0,87,266.109,66
158.09501888602972,90,4408.875,46068.0,87,266.104,66
158.19545640796423,91,4408.875,46068.0,88,266.149,66
158.2956584673375,91,4408.875,46068.0,88,254.968,66
158.395864803344,91,4408.875,46068.0,87,256.415,66
158.49601919203997,91,4408.875,46068.0,87,256.665,66
158.59623439982533,91,4408.875,46068.0,87,256.811,66
158.6970109678805,91,4408.875,46068.0,87,257.023,66
158.79722226411104,91,4408.875,46068.0,87,257.257,66
158.89735786430538,91,4408.875,46068.0,87,257.447,66
158.99761391431093,87,4408.875,46068.0,64,268.316,66
159.0978672094643,87,4408.875,46068.0,64,267.587,67
159.19801568053663,91,4408.875,46068.0,87,267.579,66
159.298225780949,91,4408.875,46068.0,87,267.794,66
159.39837332069874,91,4408.875,46068.0,88,267.948,66
159.49857530742884,91,4408.875,46068.0,88,267.332,66
159.59878196381032,91,4408.875,46068.0,87,266.705,66
159.69899237714708,91,4408.875,46068.0,87,266.809,66
159.7992409951985,91,4408.875,46068.0,87,266.969,66
159.89937458373606,91,4408.875,46068.0,87,267.205,66
159.99957519210875,91,4408.875,46068.0,88,267.206,66
160.09972174838185,91,4408.875,46068.0,88,255.776,66
160.19992502965033,91,4408.875,46068.0,87,256.606,66
160.30004682019353,91,4408.875,46068.0,87,256.966,66
160.40077895112336,84,4408.875,46068.0,72,259.717,66
160.50100114010274,84,4408.875,46068.0,72,256.558,70
160.60121843405068,91,4408.875,46068.0,87,256.713,66
160.70142850466073,91,4408.875,46068.0,87,256.501,66
160.80157396942377,91,4408.875,46068.0,87,256.392,66
160.90177793242037,91,4408.875,46068.0,87,256.231,66
161.00192402862012,91,4408.875,46068.0,87,256.034,66
161.10209516249597,91,4408.875,46068.0,87,256.056,66
161.20233381539583,91,4408.875,46068.0,87,256.041,66
161.30248408019543,91,4408.875,46068.0,87,256.121,66
161.40268718078732,91,4408.875,46068.0,87,255.973,66
161.5028349403292,91,4408.875,46068.0,87,253.293,66
161.6030398234725,91,4408.875,46068.0,88,256.559,66
161.70319842733443,91,4408.875,46068.0,88,256.721,66
161.80341331660748,91,4408.875,46068.0,87,257.096,66
161.90362090431154,91,4408.875,46068.0,87,257.337,66
162.00382673926651,90,4408.875,46068.0,87,257.566,66
162.10401168465614,90,4410.875,46068.0,87,257.83,66
162.20423148944974,86,4410.875,46068.0,69,269.193,66
162.30448984354734,86,4410.875,46068.0,69,267.797,68
162.40480543114245,91,4410.875,46068.0,87,267.584,66
162.50501552410424,91,4410.875,46068.0,87,267.21,66
162.60516819916666,91,4410.875,46068.0,88,266.923,66
162.70537407696247,91,4410.875,46068.0,88,266.689,66
162.80558581091464,91,4410.875,46068.0,87,267.08,66
162.9057960715145,91,4410.875,46068.0,87,267.512,66
163.00594802573323,91,4410.875,46068.0,87,267.254,66
163.1062006726861,91,4410.875,46068.0,87,267.024,66
163.20635004341602,91,4410.875,46068.0,88,266.716,66
163.3065362405032,91,4410.875,46068.0,88,255.316,66
163.40674643032253,91,4410.875,46068.0,87,257.528,66
163.5068911332637,91,4410.875,46068.0,87,257.779,66
163.60709423571825,91,4410.875,46068.0,87,258.102,66
163.70732886344194,91,4410.875,46068.0,87,258.435,66
163.8077498804778,90,4180.875,46068.0,87,258.605,66
163.90795620717108,90,4408.875,46068.0,87,258.855,67
164.0081603601575,87,4408.875,46068.0,58,256.832,69
164.10829433612525,87,4408.875,46068.0,58,256.708,67
164.2084242682904,91,4408.875,46068.0,87,256.673,67
164.30862727947533,91,4408.875,46068.0,87,256.592,67
164.4088647235185,91,4408.875,46068.0,87,256.452,66
164.5090763680637,91,4408.875,46068.0,87,255.778,67
164.60923212766647,90,4408.875,46068.0,87,255.754,67
164.7093673888594,90,4408.875,46068.0,87,255.799,67
164.80957201123238,91,4408.875,46068.0,87,255.689,67
164.90978012047708,91,4408.875,46068.0,87,255.63,66
165.00999187491834,91,4408.875,46068.0,87,254.827,67
165.11019778065383,91,4408.875,46068.0,87,256.786,67
165.2104050256312,91,4408.875,46068.0,87,257.161,67
165.31054262071848,91,4410.875,46068.0,87,257.338,67
165.41086031123996,83,4410.875,46068.0,68,266.755,67
165.5110084116459,83,4410.875,46068.0,68,265.386,68
165.61121967621148,91,4410.875,46068.0,87,265.37,67
165.71136714331806,91,4410.875,46068.0,87,264.811,67
165.8115703240037,91,4410.875,46068.0,87,264.289,67
165.91177808120847,91,4410.875,46068.0,87,264.67,67
166.0129094608128,91,4410.875,46068.0,87,264.984,67
166.11311727948487,91,4410.875,46068.0,87,265.307,67
166.21333037689328,91,4410.875,46068.0,87,265.056,67
166.31358289159834,91,4410.875,46068.0,87,264.475,67
166.41373331286013,91,4410.875,46068.0,87,264.114,67
166.5139351915568,91,4410.875,46068.0,87,255.427,67
166.61413557082415,91,4410.875,46068.0,87,257.459,67
166.71435246244073,91,4410.875,46068.0,87,257.739,67
166.81456275470555,91,4410.875,46068.0,88,258.101,67
166.91477021947503,91,4410.875,46068.0,88,258.353,67
167.01503899134696,91,4410.875,46068.0,87,257.801,67
167.11524420417845,91,4388.875,46068.0,87,258.083,67
167.21539240330458,88,4388.875,46068.0,64,269.082,67
167.3155905175954,88,4388.875,46068.0,64,268.184,67
167.41580254212022,91,4388.875,46068.0,87,267.78,67
167.51601089164615,91,4388.875,46068.0,87,267.433,67
167.61617663688958,91,4388.875,46068.0,87,267.056,67
167.716315491125,91,4388.875,46068.0,87,266.886,67
167.8165199160576,91,4388.875,46068.0,87,266.82,67
167.91671877913177,91,4388.875,46068.0,87,266.614,67
168.01692655868828,91,4388.875,46068.0,87,266.475,67
168.11713747121394,91,4388.875,46068.0,87,266.763,67
168.21732911653817,91,4388.875,46068.0,87,266.676,67
168.31757081486285,91,4388.875,46068.0,87,255.84,67
168.4177815169096,91,4388.875,46068.0,87,256.864,67
168.51799390278757,91,4388.875,46068.0,87,257.488,67
168.61821006424725,91,4388.875,46068.0,87,257.936,67
168.71839107200503,91,4382.875,46068.0,87,258.349,67
168.81860149279237,89,4382.875,46068.0,85,258.598,70
168.91911177150905,89,4382.875,46068.0,85,256.046,67
169.01932660117745,91,4382.875,46068.0,87,255.912,67
169.11953621171415,91,4382.875,46068.0,87,255.91,67
169.21974485181272,91,4382.875,46068.0,87,255.766,67
169.3199581876397,91,4382.875,46068.0,87,255.545,67
169.4201739281416,91,4382.875,46068.0,87,255.384,67
169.52037465572357,91,4382.875,46068.0,87,255.222,67
169.62058627977967,91,4382.875,46068.0,87,254.98,67
169.7208845242858,91,4382.875,46068.0,87,254.797,67
169.8210906703025,91,4382.875,46068.0,87,254.592,67
169.92123172804713,91,4382.875,46068.0,87,254.467,67
170.02144339121878,91,4382.875,46068.0,87,257.054,67
170.12164326757193,91,4382.875,46068.0,87,257.223,67
170.22179686650634,90,4382.875,46068.0,87,257.239,67
170.32196949236095,90,4446.875,46068.0,87,257.762,67
170.4221990723163,91,4446.875,46068.0,87,257.982,70
170.5224078912288,91,4446.875,46068.0,87,256.021,67
170.6226116847247,91,4446.875,46068.0,87,255.946,67
170.72281899116933,91,4446.875,46068.0,87,255.983,67
170.82302126288414,91,4446.875,46068.0,87,256.042,67
170.92323150485754,91,4446.875,46068.0,87,255.345,67
171.02343426458538,91,4446.875,46068.0,87,255.332,67
171.12366192415357,91,4446.875,46068.0,87,255.385,67
171.2238626498729,91,4446.875,46068.0,87,255.592,67
171.32407614775002,91,4446.875,46068.0,87,255.777,67
171.42428071051836,91,4446.875,46068.0,87,255.042,67
171.52448019571602,91,4446.875,46068.0,87,255.144,67
171.62468882650137,91,4446.875,46068.0,87,257.38,67
171.72488790005445,91,4446.875,46068.0,87,257.821,67
171.82509715296328,91,4446.875,46068.0,88,258.202,67
171.92528086341918,91,4446.875,46068.0,88,258.355,67
172.02546820044518,91,4376.875,46068.0,87,258.676,67
172.12567156367004,91,4376.875,46068.0,87,258.938,69
172.22591251134872,90,4376.875,46068.0,61,256.728,67
172.32611756399274,90,4376.875,46068.0,61,256.087,67
172.42628015577793,90,4376.875,46068.0,87,256.132,67
172.5264993403107,90,4376.875,46068.0,87,256.332,67
172.62670279294252,90,4376.875,46068.0,87,255.827,67
172.72691881284118,90,4376.875,46068.0,87,255.321,67
172.82711884006858,91,4376.875,46068.0,87,254.689,67
172.92754220962524,91,4376.875,46068.0,87,254.956,67
173.02806616015732,91,4376.875,46068.0,87,255.252,67
173.12827788479626,91,4376.875,46068.0,87,255.334,67
173.2284821588546,91,4376.875,46068.0,87,254.886,67
173.32868035137653,91,4376.875,46068.0,87,256.8,67
173.43009398318827,91,4180.875,46068.0,87,257.131,67
173.53029643185437,91,4402.875,46068.0,87,257.512,66
173.6305076163262,87,4402.875,46068.0,60,262.041,67
173.73066502064466,87,4402.875,46068.0,60,261.599,67
173.83087041415274,91,4402.875,46068.0,87,261.977,67
173.93108028545976,91,4402.875,46068.0,87,262.514,67
174.03123528324068,91,4402.875,46068.0,87,262.183,67
174.13144378364086,91,4402.875,46068.0,87,262.0,67
174.2316786441952,91,4402.875,46068.0,88,261.869,67
174.33188478834927,91,4402.875,46068.0,88,261.619,67
174.43208938278258,91,4402.875,46068.0,87,262.255,67
174.53230006434023,91,4402.875,46068.0,87,262.792,67
174.6325007211417,90,4402.875,46068.0,87,262.594,67
174.73271535150707,90,4402.875,46068.0,87,258.144,67
174.83291477523744,91,4402.875,46068.0,87,258.622,67
174.93331763520837,91,4402.875,46068.0,87,258.302,67
175.033532936126,91,4402.875,46068.0,87,258.595,67
175.13374325819314,91,4402.875,46068.0,87,258.867,67
175.23391164839268,91,4408.875,46068.0,87,259.022,67
175.33411502093077,91,4408.875,46068.0,87,259.14,70
175.43428276851773,87,4408.875,46068.0,58,256.82,67
175.53449356928468,87,4408.875,46068.0,58,256.128,67
175.63465932384133,91,4408.875,46068.0,87,256.053,67
175.73480720445514,91,4408.875,46068.0,87,255.899,67
175.83501403965056,91,4408.875,46068.0,87,255.87,67
175.93522604368627,91,4408.875,46068.0,87,255.797,67
176.0353811532259,91,4408.875,46068.0,87,255.658,67
176.1355228740722,91,4408.875,46068.0,87,255.475,67
176.2357289697975,91,4408.875,46068.0,87,255.357,67
176.33612777292728,91,4408.875,46068.0,87,255.408,67
176.43633608147502,91,4408.875,46068.0,88,255.423,67
176.53654072619975,91,4408.875,46068.0,88,257.868,67
176.63669523596764,90,4408.875,46068.0,87,258.654,67
176.7369050551206,90,4408.875,46068.0,87,258.883,67
176.83712159655988,91,4408.875,46068.0,87,259.17,67
176.9372821636498,91,4408.875,46068.0,87,259.367,67
177.0374747198075,91,4376.875,46068.0,87,259.588,67
177.13768562488258,91,4376.875,46068.0,87,251.102,71
177.2378899063915,94,4376.875,46068.0,71,248.985,68
177.33810374327004,94,4376.875,46068.0,71,248.816,68
177.43831145949662,91,4376.875,46068.0,87,248.558,67
177.5385173279792,91,4376.875,46068.0,87,248.448,67
177.63871601969004,91,4376.875,46068.0,87,248.338,67
177.7389831971377,91,4376.875,46068.0,87,247.441,67
177.83920105174184,91,4376.875,46068.0,87,247.339,67
177.93940417282283,91,4376.875,46068.0,87,247.201,67
178.03961712867022,91,4376.875,46068.0,87,247.017,67
178.13983511179686,91,4376.875,46068.0,87,246.914,67
178.24005179479718,91,4376.875,46068.0,87,255.431,67
178.34027415327728,91,4376.875,46068.0,87,257.444,68
178.4404434952885,91,4376.875,46068.0,87,257.768,67
178.54065195471048,91,4376.875,46068.0,87,257.768,67
178.64086919650435,90,4376.875,46068.0,87,258.246,67
178.7410671096295,86,4408.875,46068.0,70,268.133,69
178.84127540886402,86,4408.875,46068.0,70,266.123,68
178.9414740037173,91,4408.875,46068.0,87,265.564,68
179.04163100384176,91,4408.875,46068.0,87,265.91,68
179.1418314240873,91,4408.875,46068.0,87,266.123,68
179.24203498475254,91,4408.875,46068.0,87,266.462,68
179.34224145114422,91,4408.875,46068.0,88,266.638,68
179.44247346371412,91,4408.875,46068.0,88,266.007,67
179.54267727583647,91,4408.875,46068.0,87,265.514,68
179.64289160445333,91,4408.875,46068.0,87,265.725,68
179.7430455032736,91,4408.875,46068.0,87,266.085,68
179.8432665914297,91,4408.875,46068.0,87,256.712,68
179.94347432814538,91,4408.875,46068.0,88,258.374,68
180.04367483593524,91,4408.875,46068.0,88,258.579,68
180.14397027529776,91,4408.875,46068.0,87,258.337,68
180.2441904041916,91,4408.875,46068.0,87,258.661,68
180.34468666277826,91,4180.875,46068.0,87,258.859,68
180.44492226280272,91,4402.875,46068.0,87,270.283,68
180.54512822814286,91,4402.875,46068.0,83,269.85,68
180.6453545242548,91,4402.875,46068.0,83,270.057,68
180.74555779621005,91,4402.875,46068.0,88,269.44,68
180.84576011635363,91,4402.875,46068.0,88,268.697,68
180.94596432894468,91,4402.875,46068.0,87,268.7,68
181.04617086425424,91,4402.875,46068.0,87,269.017,68
181.14640609174967,91,4402.875,46068.0,87,269.406,68
181.24661448784173,91,4402.875,46068.0,87,269.281,68
181.34681800566614,91,4402.875,46068.0,88,268.648,68
181.447022465989,91,4402.875,46068.0,88,268.259,68
181.54723319411278,91,4402.875,46068.0,87,257.43,68
181.64744716882706,91,4402.875,46068.0,87,258.473,68
181.7476498838514,91,4402.875,46068.0,87,258.716,68
181.84807094931602,91,4402.875,46068.0,87,259.082,68
181.94822783768177,91,4402.875,46068.0,87,259.39,68
182.04845608398318,91,4358.875,46068.0,87,261.295,70
182.14865872077644,93,4358.875,46068.0,75,259.501,68
182.2488616965711,93,4358.875,46068.0,75,259.208,68
182.3490713443607,91,4358.875,46068.0,87,259.223,68
182.44929242879152,91,4358.875,46068.0,87,259.179,68
182.54948995821178,91,4358.875,46068.0,88,259.142,68
182.64970912970603,91,4358.875,46068.0,88,258.194,68
182.74994552880526,91,4358.875,46068.0,87,258.035,68
182.85015244036913,91,4358.875,46068.0,87,257.926,68
182.95036497153342,91,4358.875,46068.0,87,257.824,68
183.05058149062097,91,4358.875,46068.0,87,257.914,68
183.1507941223681,91,4358.875,46068.0,87,255.714,68
183.25100700370967,91,4358.875,46068.0,87,256.948,68
183.35122841969132,91,4358.875,46068.0,87,257.411,68
183.45168785192072,91,4358.875,46068.0,87,257.695,68
183.551897007972,91,4358.875,46068.0,87,257.945,68
183.65205288492143,91,4402.875,46068.0,87,266.343,70
183.7523323968053,93,4402.875,46068.0,75,264.651,68
183.8525334727019,93,4402.875,46068.0,75,264.222,68
183.95274803601205,91,4402.875,46068.0,88,264.038,68
184.05294875055552,91,4402.875,46068.0,88,263.721,68
184.15317123569548,91,4402.875,46068.0,87,264.157,68
184.25336768478155,91,4402.875,46068.0,87,264.6,68
184.35356645658612,91,4402.875,46068.0,87,265.109,68
184.4537807200104,91,4402.875,46068.0,87,264.823,68
184.55398221313953,91,4402.875,46068.0,87,264.42,68
184.65418962016702,91,4402.875,46068.0,87,264.147,68
184.75440395250916,91,4402.875,46068.0,87,256.39,68
184.8545569833368,91,4402.875,46068.0,87,258.876,68
184.95476593263447,91,4402.875,46068.0,87,259.39,68
185.0549933258444,91,4402.875,46068.0,87,259.536,68
185.15515186823905,85,4382.875,46068.0,73,262.307,72
185.2553497068584,85,4382.875,46068.0,73,259.331,68
185.35555071942508,91,4382.875,46068.0,87,259.183,68
185.455702111125,91,4382.875,46068.0,87,258.941,68
185.55591083690524,91,4382.875,46068.0,87,258.698,68
185.65606931596994,91,4382.875,46068.0,87,258.602,68
185.75627387687564,91,4382.875,46068.0,87,258.455,68
185.85651369020343,91,4382.875,46068.0,87,258.17,68
185.95671162940562,91,4382.875,46068.0,87,258.047,68
186.05691093206406,91,4382.875,46068.0,87,257.827,68
186.15706456452608,91,4382.875,46068.0,88,257.791,68
186.25727723538876,91,4382.875,46068.0,88,255.205,68
186.357477940619,90,4382.875,46068.0,87,258.239,68
186.45767661184072,90,4382.875,46068.0,87,258.482,68
186.55819089524448,91,4382.875,46068.0,87,258.745,68
186.6583821233362,91,4376.875,46068.0,87,256.202,71
186.75859493762255,90,4376.875,46068.0,65,254.105,68
186.85896264202893,90,4376.875,46068.0,65,254.356,68
186.95918490737677,91,4376.875,46068.0,88,253.921,68
187.05940038338304,91,4376.875,46068.0,88,253.207,68
187.15961281582713,91,4376.875,46068.0,87,252.833,68
187.25982929207385,91,4376.875,46068.0,87,253.039,68
187.3600433766842,91,4376.875,46068.0,87,253.259,68
187.46020432189107,91,4376.875,46068.0,87,252.787,68
187.56045219674706,91,4376.875,46068.0,88,252.312,68
187.66071860864758,91,4376.875,46068.0,88,251.785,68
187.76092457957566,90,4376.875,46068.0,87,254.416,68
187.8611236922443,90,4376.875,46068.0,87,257.064,68
187.96127536334097,91,4376.875,46068.0,87,257.448,68
188.06146886572242,91,4376.875,46068.0,87,257.756,68
188.16168073564768,91,4376.875,46068.0,87,258.167,68
188.2631305437535,91,4376.875,46068.0,87,258.746,67
188.36336267367005,88,4376.875,46068.0,60,260.284,68
188.46356152370572,88,4376.875,46068.0,60,259.984,68
188.5637629199773,90,4376.875,46068.0,87,260.139,68
188.6642412301153,90,4376.875,46068.0,87,260.297,68
188.76443587616086,91,4376.875,46068.0,87,260.377,68
188.8646525312215,91,4376.875,46068.0,87,260.2,68
188.96485145390034,89,4376.875,46068.0,85,258.936,68
189.0650492925197,89,4376.875,46068.0,85,258.906,68
189.16532301530242,91,4376.875,46068.0,87,258.921,68
189.26552704535425,91,4376.875,46068.0,87,258.81,68
189.36573846638203,91,4376.875,46068.0,87,258.267,68
189.46595222875476,91,4376.875,46068.0,87,256.967,68
189.56615830026567,91,4376.875,46068.0,87,257.356,68
189.6663706637919,91,4376.875,46068.0,87,257.363,68
189.76655294001102,91,4402.875,46068.0,88,257.398,67
189.8667064011097,91,4402.875,46068.0,88,267.54,68
189.9669131860137,91,4402.875,46068.0,86,267.364,68
190.0670680720359,91,4402.875,46068.0,86,268.187,68
190.16750974580646,91,4402.875,46068.0,87,267.673,68
190.2677040901035,91,4402.875,46068.0,87,267.938,68
190.36785763315856,91,4402.875,46068.0,87,268.314,68
190.46805171854794,91,4402.875,46068.0,87,268.748,68
190.5682104397565,91,4402.875,46068.0,88,268.26,68
190.66841554827988,91,4402.875,46068.0,88,267.884,68
190.768616553396,91,4402.875,46068.0,87,267.644,68
190.86895935237408,91,4402.875,46068.0,87,267.975,68
190.96918461285532,91,4402.875,46068.0,87,258.399,68
191.0693818591535,91,4402.875,46068.0,87,259.011,68
191.16958188451827,91,4402.875,46068.0,88,259.172,68
191.26973907276988,91,4402.875,46068.0,88,259.324,68
191.36993359588087,91,4402.875,46068.0,87,259.645,68
191.47015419974923,91,4402.875,46068.0,87,259.954,68
191.5703526791185,91,4382.875,46068.0,87,260.041,71
191.6705680154264,91,4382.875,46068.0,87,257.714,68
191.77078061923385,91,4382.875,46068.0,87,257.552,68
191.87093402259052,91,4382.875,46068.0,87,257.248,68
191.9710743241012,91,4382.875,46068.0,87,256.998,68
192.07127256691456,91,4382.875,46068.0,87,256.8,68
192.17147033661604,91,4382.875,46068.0,87,256.639,68
192.2718563079834,91,4382.875,46068.0,87,256.582,68
192.37201131135225,91,4382.875,46068.0,87,256.546,68
192.47215898893774,91,4382.875,46068.0,87,256.417,68
192.5722954366356,91,4382.875,46068.0,87,256.257,68
192.67248954810202,91,4382.875,46068.0,87,256.243,68
192.77268563583493,91,4382.875,46068.0,87,258.746,68
192.8728841356933,91,4382.875,46068.0,87,259.121,68
192.9730504397303,91,4382.875,46068.0,87,259.343,68
193.07325096428394,91,4376.875,46068.0,87,259.614,70
193.17346923612058,88,4376.875,46068.0,61,258.664,68
193.2737026847899,88,4376.875,46068.0,61,258.444,68
193.3739181421697,90,4376.875,46068.0,87,258.591,68
193.47412202320993,90,4376.875,46068.0,87,258.739,68
193.57433788478374,91,4376.875,46068.0,88,258.062,68
193.67455640807748,91,4376.875,46068.0,88,257.501,68
193.77475553378463,91,4376.875,46068.0,87,256.928,68
193.87491048313677,91,4376.875,46068.0,87,257.053,68
193.9751133043319,91,4376.875,46068.0,87,257.268,68
194.07526627928019,91,4376.875,46068.0,87,257.437,68
194.1754582338035,91,4376.875,46068.0,88,257.04,68
194.27565965242684,91,4376.875,46068.0,88,257.74,68
194.37587093561888,91,4376.875,46068.0,87,258.408,68
194.4760860837996,91,4376.875,46068.0,87,258.651,68
194.576268164441,90,4376.875,46068.0,87,258.983,68
194.67647928744555,90,4376.875,46068.0,87,259.367,68
194.77664147876203,91,4388.875,46068.0,87,259.596,68
194.87685664743185,91,4388.875,46068.0,87,269.346,70
194.97705580294132,93,4388.875,46068.0,77,267.729,69
195.07727742008865,93,4388.875,46068.0,77,267.624,69
195.17748978547752,91,4388.875,46068.0,87,267.624,68
195.27772263251245,91,4388.875,46068.0,87,267.454,68
195.37800757586956,89,4388.875,46068.0,86,268.012,68
195.4782261196524,89,4388.875,46068.0,86,267.82,69
195.5784256849438,91,4388.875,46068.0,87,267.644,68
195.67863480374217,91,4388.875,46068.0,87,267.46,68
195.77884924411774,91,4388.875,46068.0,88,267.127,68
195.87932108528912,91,4388.875,46068.0,88,266.957,68
195.97957112826407,91,4388.875,46068.0,87,258.032,69
196.07978415116668,91,4388.875,46068.0,87,259.776,69
196.1799949258566,91,4388.875,46068.0,87,259.82,69
196.28015290014446,91,4388.875,46068.0,87,259.865,69
196.38034535385668,91,4388.875,46068.0,87,259.924,68
196.48053142987192,91,4402.875,46068.0,87,259.67,68
196.5807486716658,87,4402.875,46068.0,61,271.0,69
196.68096234090626,87,4402.875,46068.0,61,269.778,69
196.7811834756285,90,4402.875,46068.0,87,269.923,69
196.88161726482213,90,4402.875,46068.0,87,270.196,69
196.9818283766508,91,4402.875,46068.0,87,270.401,69
197.08202786184847,91,4402.875,46068.0,87,269.877,69
197.1822534967214,91,4402.875,46068.0,87,269.257,69
197.28242153674364,91,4402.875,46068.0,87,269.352,69
197.3826406598091,91,4402.875,46068.0,87,269.727,69
197.48285417631269,91,4402.875,46068.0,87,270.109,69
197.58315016888082,91,4402.875,46068.0,87,269.982,69
197.68427848257124,91,4402.875,46068.0,87,258.337,69
197.7845220118761,91,4402.875,46068.0,87,259.294,69
197.88473408855498,91,4402.875,46068.0,87,259.626,69
197.98488375917077,91,4402.875,46068.0,87,259.957,69
198.0850774757564,91,4402.875,46068.0,87,260.164,69
198.18715469911695,91,4402.875,46068.0,88,260.327,69
198.28734741546214,91,4402.875,46068.0,88,269.0,72
198.3875743318349,93,4402.875,46068.0,75,267.126,69
198.4878082871437,93,4402.875,46068.0,75,266.913,69
198.5880212765187,90,4402.875,46068.0,87,266.635,69
198.68822529539466,90,4402.875,46068.0,87,266.474,69
198.78843979537487,91,4402.875,46068.0,87,266.349,69
198.88865178078413,91,4402.875,46068.0,87,266.239,69
198.98885547183454,91,4402.875,46068.0,87,266.003,69
199.08900836855173,91,4402.875,46068.0,87,265.766,69
199.1893213633448,91,4402.875,46068.0,87,265.656,69
199.2895380947739,91,4402.875,46068.0,87,265.611,69
199.38975048810244,91,4402.875,46068.0,87,257.103,69
199.48996986448765,91,4402.875,46068.0,87,259.295,69
199.59019058197737,91,4402.875,46068.0,87,259.516,69
199.6904069315642,91,4402.875,46068.0,87,259.891,69
199.79062174260616,91,4402.875,46068.0,88,260.162,69
199.89083416759968,91,4216.875,46068.0,88,260.296,69
199.99098811484873,85,4402.875,46068.0,78,255.496,72
200.0911909956485,85,4402.875,46068.0,78,252.013,69
200.19248064048588,91,4402.875,46068.0,87,251.528,69
200.29269470833242,91,4402.875,46068.0,87,251.219,69
200.39293691888452,91,4402.875,46068.0,87,251.471,69
200.49315626360476,91,4402.875,46068.0,87,251.764,69
200.5933546964079,91,4402.875,46068.0,87,251.323,69
200.6935702674091,91,4402.875,46068.0,87,250.992,69
200.79376975260675,91,4402.875,46068.0,87,250.387,69
200.89394009672105,91,4402.875,46068.0,87,250.418,69
200.9940794594586,91,4402.875,46068.0,87,250.948,69
201.09422623738647,91,4402.875,46068.0,87,256.388,69
201.19520407542586,91,4402.875,46068.0,87,259.799,69
201.29535446874797,91,4402.875,46068.0,87,260.136,69
201.39549822174013,91,4402.875,46068.0,87,260.275,69
201.49563212879002,91,4408.875,46068.0,87,260.311,68
201.59581253677607,88,4408.875,46068.0,59,265.949,69
201.69596003368497,88,4408.875,46068.0,59,265.814,69
201.79609047621489,91,4408.875,46068.0,87,265.806,69
201.89622179232538,91,4408.875,46068.0,87,265.991,69
201.9964814055711,91,4408.875,46068.0,87,265.704,69
202.09661602415144,91,4408.875,46068.0,87,264.982,69
202.19674867205322,91,4408.875,46068.0,87,264.991,69
202.29687973484397,91,4408.875,46068.0,87,265.066,69
202.39701371267438,91,4408.875,46068.0,87,265.2,69
202.49715160392225,91,4408.875,46068.0,87,265.386,69
202.5972825177014,91,4408.875,46068.0,87,265.032,69
202.69751274958253,91,4408.875,46068.0,87,259.844,69
202.79764588549733,91,4408.875,46068.0,87,260.354,69
202.8977791927755,91,4408.875,46068.0,87,260.658,69
202.99791564419866,91,4408.875,46068.0,87,260.988,69
203.0980450231582,91,4408.875,46068.0,87,261.165,69
203.19822583161294,91,4388.875,46068.0,87,261.422,69
203.29841997288167,91,4388.875,46068.0,87,270.912,71
203.39861637167633,92,4388.875,46068.0,76,268.859,69
203.49883184023201,92,4388.875,46068.0,76,268.551,69
203.59904510714114,91,4388.875,46068.0,87,268.197,69
203.69924289919436,91,4388.875,46068.0,87,268.683,69
203.79946300759912,91,4388.875,46068.0,87,268.352,69
203.89961636438966,91,4388.875,46068.0,87,268.065,69
203.99977380782366,91,4388.875,46068.0,87,267.785,69
204.09991163015366,91,4388.875,46068.0,87,267.359,69
204.2000477593392,91,4388.875,46068.0,87,267.161,69
204.30018864758313,91,4388.875,46068.0,87,267.632,69
204.4003196246922,91,4388.875,46068.0,87,258.156,69
204.5004475992173,91,4402.875,46068.0,87,260.061,69
204.60057843476534,87,4402.875,46068.0,63,271.993,69
204.70181405730546,87,4402.875,46068.0,63,271.58,69
204.80194873549044,91,4402.875,46068.0,87,271.104,69
204.90210265666246,91,4402.875,46068.0,87,270.698,69
205.00223557278514,91,4402.875,46068.0,87,270.307,69
205.1023677662015,91,4402.875,46068.0,87,270.66,69
205.20250113122165,91,4402.875,46068.0,87,271.138,69
205.30263200588524,91,4402.875,46068.0,87,271.535,69
205.40276154875755,91,4402.875,46068.0,88,271.137,69
205.50289581529796,91,4402.875,46068.0,88,270.613,69
205.60317567177117,90,4402.875,46068.0,87,270.429,69
205.70333173125982,90,4402.875,46068.0,87,259.077,69
205.80352836474776,90,4402.875,46068.0,87,260.086,69
205.90368035808206,90,4402.875,46068.0,87,260.262,69
206.00382022373378,91,4402.875,46068.0,87,260.402,69
206.1039556749165,91,4402.875,46068.0,87,260.557,69
206.20407645218074,91,4216.875,46068.0,87,260.761,69
206.30421520769596,91,4408.875,46068.0,87,256.15,72
206.40445332042873,82,4408.875,46068.0,54,254.096,69
206.50459153577685,82,4408.875,46068.0,54,254.148,69
206.6047244593501,91,4408.875,46068.0,87,254.364,69
206.70485768839717,91,4408.875,46068.0,87,254.327,69
206.80498993210495,91,4408.875,46068.0,87,253.657,69
206.9051250219345,91,4408.875,46068.0,87,253.474,69
207.00525830872357,91,4408.875,46068.0,87,253.724,69
207.10566484369338,91,4408.875,46068.0,87,254.062,69
207.2057985123247,91,4408.875,46068.0,87,254.336,69
207.3059305753559,91,4408.875,46068.0,87,253.69,69
207.4060647636652,91,4408.875,46068.0,87,257.935,69
207.50620036385953,91,4408.875,46068.0,87,260.387,69
207.60639069601893,91,4408.875,46068.0,87,260.776,69
207.706612855196,91,4408.875,46068.0,87,261.063,69
207.8067714497447,91,4408.875,46068.0,88,261.321,69
207.90697037614882,91,4402.875,46068.0,88,261.637,69
208.007214108482,83,4402.875,46068.0,75,252.79,73
208.10736806318164,83,4402.875,46068.0,75,249.32,69
208.20834673568606,91,4402.875,46068.0,87,248.849,69
208.30848125368357,91,4402.875,46068.0,87,248.916,69
208.40861577168107,91,4402.875,46068.0,87,249.166,69
208.50880723632872,91,4402.875,46068.0,87,249.371,69
208.6089590191841,91,4402.875,46068.0,88,248.744,69
208.70909777656198,91,4402.875,46068.0,88,248.037,69
208.80956242792308,91,4402.875,46068.0,87,247.822,69
208.90975561365485,91,4402.875,46068.0,87,248.072,69
209.00997122377157,91,4402.875,46068.0,87,248.403,69
209.11019116081297,91,4402.875,46068.0,87,257.226,69
209.21040990389884,91,4402.875,46068.0,88,260.315,69
209.31056374125183,91,4402.875,46068.0,88,260.344,69
209.41075956262648,91,4402.875,46068.0,87,260.792,69
209.51114993169904,91,4402.875,46068.0,87,261.123,69
209.61129046045244,91,4402.875,46068.0,87,261.284,69
209.71142294630408,91,4382.875,46068.0,87,261.47,69
209.8115600273013,85,4382.875,46068.0,69,272.552,70
209.91169487684965,85,4382.875,46068.0,69,271.235,69
210.01182931661606,90,4382.875,46068.0,87,270.587,69
210.11213616281748,90,4382.875,46068.0,87,270.014,69
210.2122785411775,91,4382.875,46068.0,88,269.824,69
210.31241164729,91,4382.875,46068.0,88,269.6,69
210.4126200284809,90,4382.875,46068.0,87,269.429,69
210.51277139224112,90,4382.875,46068.0,87,269.028,69
210.6132581885904,91,4382.875,46068.0,87,268.688,69
210.7134740166366,91,4382.875,46068.0,87,268.527,69
210.81380783207715,91,4382.875,46068.0,88,268.417,69
210.9140270575881,91,4382.875,46068.0,88,257.439,69
211.01423622854054,91,4382.875,46068.0,87,259.125,69
211.1144375167787,91,4382.875,46068.0,87,259.699,69
211.2146418094635,91,4382.875,46068.0,87,260.14,69
211.3148332722485,91,4358.875,46068.0,87,260.387,69
211.41503250785172,91,4358.875,46068.0,87,260.541,72
211.51526230946183,91,4358.875,46068.0,87,258.175,69
211.6154621168971,91,4358.875,46068.0,87,257.891,69
211.7156767938286,91,4358.875,46068.0,87,257.686,69
211.81589327566326,91,4358.875,46068.0,87,257.45,69
211.91610854491591,91,4358.875,46068.0,87,257.097,69
212.01630649715662,91,4358.875,46068.0,87,256.921,69
212.1165032275021,91,4358.875,46068.0,87,256.869,69
212.21699573285878,91,4358.875,46068.0,87,256.729,69
212.31713850423694,91,4358.875,46068.0,87,256.5,69
212.417282987386,91,4358.875,46068.0,88,256.231,69
212.51749300770462,91,4358.875,46068.0,88,256.167,69
212.61770829744637,91,4358.875,46068.0,87,258.564,69
212.7179258596152,91,4358.875,46068.0,87,259.002,69
212.81808155961335,91,4358.875,46068.0,87,259.251,69
212.91832949966192,91,4358.875,46068.0,87,259.547,69
213.018527764827,91,4358.875,46068.0,88,259.907,69
213.11867013201118,91,4402.875,46068.0,88,260.134,69
213.21886755526066,85,4402.875,46068.0,78,254.894,73
213.31907909922302,85,4402.875,46068.0,78,251.867,69
213.41930033825338,91,4402.875,46068.0,87,251.69,69
213.51953658089042,91,4402.875,46068.0,87,251.543,69
213.6197404321283,91,4402.875,46068.0,87,251.477,69
213.71995815448463,91,4402.875,46068.0,87,251.993,69
213.8201832473278,91,4402.875,46068.0,87,251.731,69
213.920397143811,91,4402.875,46068.0,87,251.594,69
214.02059632912278,91,4402.875,46068.0,88,251.416,69
214.1209100484848,91,4402.875,46068.0,88,251.305,69
214.2211392968893,91,4402.875,46068.0,87,251.966,69
214.3213509991765,91,4402.875,46068.0,87,257.191,69
214.42156597040594,91,4402.875,46068.0,87,260.338,69
214.52178291231394,91,4402.875,46068.0,87,260.684,69
214.62199545651674,91,4402.875,46068.0,87,260.942,69
214.72219019569457,91,4358.875,46068.0,87,261.11,69
214.82240730896592,91,4358.875,46068.0,87,261.441,69
214.9234593771398,91,4358.875,46068.0,87,260.202,69
215.02365845255554,91,4358.875,46068.0,87,259.613,70
215.1238711681217,91,4358.875,46068.0,87,259.704,69
215.224087247625,91,4358.875,46068.0,87,259.726,69
215.32457623630762,91,4358.875,46068.0,87,259.072,69
215.42562448233366,91,4358.875,46068.0,88,258.52,69
215.52584880404174,91,4358.875,46068.0,88,257.821,69
215.6260639037937,90,4358.875,46068.0,87,258.055,69
215.72622445225716,90,4358.875,46068.0,87,258.298,69
215.8264175876975,91,4358.875,46068.0,87,258.483,69
215.9266335181892,91,4358.875,46068.0,87,257.991,69
216.02685609832406,91,4358.875,46068.0,88,258.943,69
216.12707779556513,91,4358.875,46068.0,88,259.289,69
216.22726677544415,91,4382.875,46068.0,87,259.715,69
216.32748232781887,91,4382.875,46068.0,87,255.556,73
216.42769782617688,90,4382.875,46068.0,65,252.95,69
216.5279130153358,90,4382.875,46068.0,65,252.818,70
216.62811331264675,90,4382.875,46068.0,87,252.897,70
216.72840777039528,90,4382.875,46068.0,87,252.693,70
216.8286254312843,91,4382.875,46068.0,87,252.649,70
216.92884539999068,91,4382.875,46068.0,87,252.552,69
217.02906112000346,91,4382.875,46068.0,88,252.397,69
217.1292831208557,91,4382.875,46068.0,88,252.287,70
217.22950171120465,91,4382.875,46068.0,87,252.42,70
217.3297009281814,91,4382.875,46068.0,87,252.244,70
217.43002872541547,91,4382.875,46068.0,87,256.683,70
217.5302577856928,91,4382.875,46068.0,87,259.428,69
217.63047384656966,91,4382.875,46068.0,87,259.65,69
217.7306800018996,91,4382.875,46068.0,87,259.784,70
217.8310774434358,91,4242.875,46068.0,87,260.033,70
217.93128149583936,91,4402.875,46068.0,87,260.202,70
218.03150000981987,87,4402.875,46068.0,65,271.478,70
218.13171763159335,87,4402.875,46068.0,65,270.675,70
218.23193010874093,91,4402.875,46068.0,87,271.051,70
218.33215661346912,91,4402.875,46068.0,87,270.88,70
218.432372353971,91,4402.875,46068.0,87,270.26,70
218.53259246982634,91,4402.875,46068.0,87,270.303,70
218.63280813023448,90,4402.875,46068.0,87,270.587,70
218.7330259848386,90,4402.875,46068.0,87,270.784,70
218.83325635641813,91,4402.875,46068.0,88,271.005,70
218.9334705322981,91,4402.875,46068.0,88,270.558,70
219.0336937531829,91,4402.875,46068.0,87,270.056,70
219.13394737243652,91,4402.875,46068.0,87,259.288,70
219.23417419567704,91,4402.875,46068.0,87,260.466,70
219.3343912884593,91,4402.875,46068.0,87,260.569,70
219.43460386432707,91,4402.875,46068.0,88,260.843,70
219.5347621086985,91,4308.875,46068.0,88,261.065,70
219.6349788401276,91,4402.875,46068.0,87,261.53,70
219.7352042645216,91,4402.875,46068.0,87,272.3,70
219.83542405068874,92,4402.875,46068.0,80,270.79,70
219.93564192391932,92,4402.875,46068.0,80,270.48,70
220.03585333563387,91,4402.875,46068.0,87,270.711,70
220.13606937788427,91,4402.875,46068.0,87,270.945,70
220.23660616762936,91,4402.875,46068.0,87,270.495,70
220.33686006441712,91,4402.875,46068.0,87,270.133,70
220.4370779581368,90,4402.875,46068.0,87,269.67,70
220.5373086798936,90,4402.875,46068.0,87,270.037,70
220.63752719387412,91,4402.875,46068.0,87,270.494,70
220.7377432845533,91,4402.875,46068.0,87,270.09,70
220.83789540082216,91,4402.875,46068.0,88,259.145,70
220.93830909579992,91,4402.875,46068.0,88,260.493,70
221.03850670717657,91,4402.875,46068.0,87,261.106,70
221.13872564397752,91,4402.875,46068.0,87,261.478,70
221.2389310989529,91,4402.875,46068.0,87,261.774,70
221.33915420807898,91,4402.875,46068.0,87,257.161,74
221.43936984799802,94,4402.875,46068.0,71,254.797,70
221.53958474844694,94,4402.875,46068.0,71,255.047,70
221.6397997457534,91,4402.875,46068.0,88,254.584,70
221.74001526646316,91,4402.875,46068.0,88,253.966,70
221.8402408324182,91,4402.875,46068.0,87,253.458,70
221.94066786766052,91,4402.875,46068.0,87,253.62,70
222.04088631272316,91,4402.875,46068.0,87,253.871,70
222.1411074884236,91,4402.875,46068.0,87,253.722,70
222.24132638424635,91,4402.875,46068.0,87,253.053,70
222.34154229424894,91,4402.875,46068.0,87,252.545,70
222.44175767153502,91,4402.875,46068.0,87,257.529,70
222.54197952151299,91,4402.875,46068.0,87,260.32,70
222.64221151545644,91,4402.875,46068.0,87,260.585,70
222.74243258312345,91,4402.875,46068.0,87,260.759,70
222.84265016764402,90,4402.875,46068.0,87,260.985,70
222.9429028723389,90,4402.875,46068.0,87,261.789,70
223.04312425293028,90,4402.875,46068.0,87,261.971,70
223.1433413438499,90,4402.875,46068.0,87,269.604,73
223.243559576571,93,4402.875,46068.0,75,267.764,70
223.3437751363963,93,4402.875,46068.0,75,267.897,70
223.44399150833488,91,4402.875,46068.0,87,268.059,70
223.5442011989653,91,4402.875,46068.0,87,267.507,70
223.6445030272007,90,4402.875,46068.0,87,266.933,70
223.74472219124436,90,4402.875,46068.0,87,267.028,70
223.84494310058653,90,4402.875,46068.0,87,267.254,70
223.94516738131642,90,4402.875,46068.0,87,267.475,70
224.04538303241134,91,4402.875,46068.0,88,266.984,70
224.14558384940028,91,4402.875,46068.0,88,266.47,70
224.24582244455814,91,4402.875,46068.0,87,259.317,70
224.34603917598724,91,4402.875,46068.0,87,261.422,70
224.44626143574715,91,4352.875,46068.0,87,261.731,70
224.54647465236485,91,4352.875,46068.0,87,266.417,72
224.6466893106699,93,4352.875,46068.0,75,264.974,70
224.74690550006926,93,4352.875,46068.0,75,264.893,70
224.84712059050798,90,4352.875,46068.0,87,264.114,70
224.94733622856438,90,4352.875,46068.0,87,263.573,70
225.04754722118378,91,4352.875,46068.0,87,263.537,70
225.147793777287,91,4352.875,46068.0,87,263.45,70
225.2480106409639,91,4352.875,46068.0,87,263.406,70
225.34823307953775,91,4352.875,46068.0,87,262.498,70
225.44844291172922,91,4352.875,46068.0,87,261.725,70
225.54865907132626,91,4352.875,46068.0,87,261.807,70
225.64887345023453,90,4352.875,46068.0,87,257.276,70
225.74908613599837,90,4352.875,46068.0,87,258.903,70
225.84946838393807,91,4352.875,46068.0,88,259.211,70
225.95087002776563,91,4352.875,46068.0,88,259.461,70
226.05111805535853,91,4352.875,46068.0,87,260.142,70
226.15134016424417,91,4408.875,46068.0,87,260.376,70
226.25155512429774,90,4408.875,46068.0,86,260.634,73
226.35176999121904,90,4408.875,46068.0,86,258.158,70
226.45198399946094,91,4408.875,46068.0,87,258.445,70
226.55220408551395,91,4408.875,46068.0,87,258.643,70
226.65241840481758,90,4408.875,46068.0,87,257.981,70
226.75263346359134,90,4408.875,46068.0,87,258.283,70
226.8529965635389,91,4408.875,46068.0,87,258.585,70
226.95322096534073,91,4408.875,46068.0,87,258.711,70
227.05343606323004,91,4408.875,46068.0,88,258.999,70
227.15365113317966,91,4408.875,46068.0,88,258.487,70
227.25495922751725,91,4408.875,46068.0,87,258.004,70
227.35517992451787,91,4408.875,46068.0,87,258.264,70
227.45539830066264,91,4408.875,46068.0,87,261.219,70
227.55561190657318,91,4408.875,46068.0,87,261.418,70
227.6560937538743,91,4408.875,46068.0,88,261.667,70
227.75627288036048,91,4408.875,46068.0,88,261.807,70
227.85677340440452,90,4408.875,46068.0,87,261.946,70
227.95699084736407,90,4408.875,46068.0,87,272.603,71
228.05714963190258,92,4408.875,46068.0,77,270.966,70
228.1573416274041,92,4408.875,46068.0,77,270.973,70
228.25758776254952,91,4408.875,46068.0,88,271.054,70
228.35779293626547,91,4408.875,46068.0,88,270.952,70
228.45800281874835,91,4408.875,46068.0,87,270.35,70
228.5582455471158,91,4408.875,46068.0,87,270.312,70
228.65846190042794,91,4408.875,46068.0,87,270.445,70
228.75867748819292,91,4408.875,46068.0,87,270.347,70
228.85888861119747,91,4408.875,46068.0,88,270.369,70
228.95910228788853,91,4408.875,46068.0,88,269.693,70
229.05931874737144,91,4408.875,46068.0,87,259.382,70
229.16005972400308,91,4408.875,46068.0,87,261.4,70
229.2606157232076,91,4408.875,46068.0,87,261.605,70
229.36083958670497,91,4388.875,46068.0,87,261.76,70
229.46105592884123,91,4388.875,46068.0,87,261.906,73
229.56127715669572,91,4388.875,46068.0,87,259.069,70
229.66149078123271,91,4388.875,46068.0,87,258.751,70
229.76170424744487,91,4388.875,46068.0,87,258.374,70
229.86196563579142,91,4388.875,46068.0,88,258.257,70
229.96224516257644,91,4388.875,46068.0,88,258.036,70
230.06246071122587,91,4388.875,46068.0,87,257.992,70
230.16267430782318,91,4388.875,46068.0,87,257.624,70
230.26288643293083,91,4388.875,46068.0,87,257.344,70
230.36308157257736,91,4388.875,46068.0,87,257.154,70
230.46329215355217,91,4388.875,46068.0,87,256.918,70
230.56351053714752,91,4388.875,46068.0,87,256.984,70
230.66372881270945,91,4388.875,46068.0,87,260.341,70
230.76394666358829,91,4388.875,46068.0,87,260.763,70
230.8641643486917,91,4388.875,46068.0,87,261.03,70
230.96433204598725,91,4284.875,46068.0,87,261.261,70
231.0646662916988,91,4284.875,46068.0,87,261.592,70
231.16488013230264,91,4284.875,46068.0,87,272.096,70
231.2650966923684,90,4284.875,46068.0,85,271.081,70
231.36531088873744,90,4284.875,46068.0,85,270.456,70
231.4655264671892,91,4284.875,46068.0,87,269.749,70
231.5657393168658,91,4284.875,46068.0,87,269.927,70
231.6659541912377,91,4284.875,46068.0,87,269.98,70
231.76618036068976,91,4284.875,46068.0,87,269.511,70
231.86645243130624,91,4284.875,46068.0,87,268.458,70
231.966665700078,91,4284.875,46068.0,87,268.458,70
232.0668666884303,91,4284.875,46068.0,87,267.448,70
232.16708018444479,91,4284.875,46068.0,87,257.267,70
232.2672957442701,91,4284.875,46068.0,87,258.047,70
232.36750869080424,91,4284.875,46068.0,87,258.422,70
232.46770392730832,91,4284.875,46068.0,87,258.952,70
232.56790675967932,91,4402.875,46068.0,87,258.575,70
232.66810578480363,91,4402.875,46068.0,87,262.482,74
232.76832025125623,94,4402.875,46068.0,73,259.882,70
232.86853522062302,94,4402.875,46068.0,73,260.097,70
232.9687451440841,91,4402.875,46068.0,88,260.529,70
233.06896571069956,91,4402.875,46068.0,88,260.572,70
233.1691913958639,91,4402.875,46068.0,87,261.37,70
233.2696770671755,91,4402.875,46068.0,87,261.465,70
233.36989465914667,90,4402.875,46068.0,87,261.521,70
233.47009159252048,90,4402.875,46068.0,87,261.732,70
233.57026490941644,91,4184.875,46068.0,87,261.819,70
233.67048131115735,91,4382.875,46068.0,87,256.809,74
233.77070039696991,94,4382.875,46068.0,68,250.419,70
233.87092144414783,94,4382.875,46068.0,68,253.188,70
233.97115335799754,91,4382.875,46068.0,87,253.136,70
234.07137180119753,91,4382.875,46068.0,87,253.114,70
234.17158570885658,91,4382.875,46068.0,87,253.341,70
234.27180052734911,91,4382.875,46068.0,87,252.692,70
234.37201538681984,91,4382.875,46068.0,87,252.796,70
234.47223554365337,91,4382.875,46068.0,87,252.938,70
234.5724519137293,91,4382.875,46068.0,87,252.911,70
234.6726795528084,91,4382.875,46068.0,87,252.838,70
234.77292437665164,91,4382.875,46068.0,87,257.951,70
234.8731504995376,91,4382.875,46068.0,87,260.412,70
234.97336727194488,91,4382.875,46068.0,87,260.722,70
235.07357828319073,91,4382.875,46068.0,87,260.933,70
235.17379129119217,91,4382.875,46068.0,87,260.994,70
235.27400363609195,91,4382.875,46068.0,87,261.272,70
235.3741822205484,91,4370.875,46068.0,87,261.581,70
235.47439563646913,91,4370.875,46068.0,87,267.153,72
235.57460710965097,93,4370.875,46068.0,75,264.873,70
235.67492148838937,93,4370.875,46068.0,75,265.038,70
235.77513775788248,91,4370.875,46068.0,87,265.236,70
235.87536314316094,91,4370.875,46068.0,87,265.479,70
235.9755758587271,91,4370.875,46068.0,88,265.388,70
236.07578899338841,91,4370.875,46068.0,88,264.704,70
236.1759929675609,91,4370.875,46068.0,87,264.13,70
236.27621316350996,91,4370.875,46068.0,87,264.367,70
236.376447962597,91,4370.875,46068.0,87,264.539,70
236.4766638316214,91,4370.875,46068.0,87,264.597,70
236.57688040472567,91,4370.875,46068.0,88,258.621,70
236.67710055038333,91,4370.875,46068.0,88,260.482,70
236.7773179616779,91,4370.875,46068.0,87,260.392,70
236.87753313221037,91,4370.875,46068.0,87,260.644,70
236.97774990461767,90,4370.875,46068.0,87,260.776,70
237.0779228080064,90,4382.875,46068.0,87,260.968,70
237.17816883325577,85,4382.875,46068.0,73,264.891,74
237.27838469482958,85,4382.875,46068.0,73,262.711,70
237.37860875576735,90,4382.875,46068.0,87,262.652,70
237.47912551648915,90,4382.875,46068.0,87,262.568,70
237.57933812215924,91,4382.875,46068.0,87,262.524,70
237.6795833464712,91,4382.875,46068.0,87,262.591,70
237.77979584038258,91,4382.875,46068.0,87,262.54,70
237.88026970811188,91,4382.875,46068.0,87,262.165,70
237.98048339411616,91,4382.875,46068.0,87,262.156,70
238.08068462461233,91,4382.875,46068.0,87,262.273,70
238.18125574477017,91,4382.875,46068.0,87,262.26,70
238.28147008270025,91,4382.875,46068.0,87,258.536,70
238.38168435916305,91,4382.875,46068.0,87,260.804,70
238.48189797624946,91,4382.875,46068.0,87,261.092,70
238.58214898779988,91,4382.875,46068.0,87,261.368,70
238.68236601166427,91,4382.875,46068.0,87,261.538,70
238.78258202038705,91,4382.875,46068.0,88,261.67,70
